chunk_id,document_id,manufacturer,product,source_file,section_number,page_start,page_end,chunk_index,chunk_count_for_section,token_estimate,content_types,table_count,image_count,content_chars
pintuco__fds-10-pintura-epoxi-poliamida-blanco-13243-10012925-10344427-hoja-de-seguridad-pdf__sec01__chunk01,pintuco__fds-10-pintura-epoxi-poliamida-blanco-13243-10012925-10344427-hoja-de-seguridad-pdf,Pintuco,PINTURA EPOXI POLIAMIDA BLANCO 13243,FDS 10 - pintura-epoxi-poliamida-blanco-13243-10012925-10344427-hoja-de-seguridad-pdf.pdf,1,1,1,1,1,342,"image,ocr,table,text",1,2,3948
pintuco__fds-10-pintura-epoxi-poliamida-blanco-13243-10012925-10344427-hoja-de-seguridad-pdf__sec02__chunk01,pintuco__fds-10-pintura-epoxi-poliamida-blanco-13243-10012925-10344427-hoja-de-seguridad-pdf,Pintuco,PINTURA EPOXI POLIAMIDA BLANCO 13243,FDS 10 - pintura-epoxi-poliamida-blanco-13243-10012925-10344427-hoja-de-seguridad-pdf.pdf,2,1,2,1,3,418,"image,ocr,table,text",3,5,2738
pintuco__fds-10-pintura-epoxi-poliamida-blanco-13243-10012925-10344427-hoja-de-seguridad-pdf__sec02__chunk02,pintuco__fds-10-pintura-epoxi-poliamida-blanco-13243-10012925-10344427-hoja-de-seguridad-pdf,Pintuco,PINTURA EPOXI POLIAMIDA BLANCO 13243,FDS 10 - pintura-epoxi-poliamida-blanco-13243-10012925-10344427-hoja-de-seguridad-pdf.pdf,2,1,2,2,3,810,"image,ocr,table,text",3,5,6369
pintuco__fds-10-pintura-epoxi-poliamida-blanco-13243-10012925-10344427-hoja-de-seguridad-pdf__sec02__chunk03,pintuco__fds-10-pintura-epoxi-poliamida-blanco-13243-10012925-10344427-hoja-de-seguridad-pdf,Pintuco,PINTURA EPOXI POLIAMIDA BLANCO 13243,FDS 10 - pintura-epoxi-poliamida-blanco-13243-10012925-10344427-hoja-de-seguridad-pdf.pdf,2,1,2,3,3,351,"image,ocr,table,text",3,5,5444
pintuco__fds-10-pintura-epoxi-poliamida-blanco-13243-10012925-10344427-hoja-de-seguridad-pdf__sec03__chunk01,pintuco__fds-10-pintura-epoxi-poliamida-blanco-13243-10012925-10344427-hoja-de-seguridad-pdf,Pintuco,PINTURA EPOXI POLIAMIDA BLANCO 13243,FDS 10 - pintura-epoxi-poliamida-blanco-13243-10012925-10344427-hoja-de-seguridad-pdf.pdf,3,2,2,1,1,524,"image,ocr,table,text",2,1,5593
pintuco__fds-10-pintura-epoxi-poliamida-blanco-13243-10012925-10344427-hoja-de-seguridad-pdf__sec04__chunk01,pintuco__fds-10-pintura-epoxi-poliamida-blanco-13243-10012925-10344427-hoja-de-seguridad-pdf,Pintuco,PINTURA EPOXI POLIAMIDA BLANCO 13243,FDS 10 - pintura-epoxi-poliamida-blanco-13243-10012925-10344427-hoja-de-seguridad-pdf.pdf,4,2,3,1,3,382,"image,ocr,table,text",3,2,2479
pintuco__fds-10-pintura-epoxi-poliamida-blanco-13243-10012925-10344427-hoja-de-seguridad-pdf__sec04__chunk02,pintuco__fds-10-pintura-epoxi-poliamida-blanco-13243-10012925-10344427-hoja-de-seguridad-pdf,Pintuco,PINTURA EPOXI POLIAMIDA BLANCO 13243,FDS 10 - pintura-epoxi-poliamida-blanco-13243-10012925-10344427-hoja-de-seguridad-pdf.pdf,4,2,3,2,3,818,"image,ocr,table,text",3,2,6324
pintuco__fds-10-pintura-epoxi-poliamida-blanco-13243-10012925-10344427-hoja-de-seguridad-pdf__sec04__chunk03,pintuco__fds-10-pintura-epoxi-poliamida-blanco-13243-10012925-10344427-hoja-de-seguridad-pdf,Pintuco,PINTURA EPOXI POLIAMIDA BLANCO 13243,FDS 10 - pintura-epoxi-poliamida-blanco-13243-10012925-10344427-hoja-de-seguridad-pdf.pdf,4,2,3,3,3,182,"image,ocr,table,text",3,2,2325
pintuco__fds-10-pintura-epoxi-poliamida-blanco-13243-10012925-10344427-hoja-de-seguridad-pdf__sec05__chunk01,pintuco__fds-10-pintura-epoxi-poliamida-blanco-13243-10012925-10344427-hoja-de-seguridad-pdf,Pintuco,PINTURA EPOXI POLIAMIDA BLANCO 13243,FDS 10 - pintura-epoxi-poliamida-blanco-13243-10012925-10344427-hoja-de-seguridad-pdf.pdf,5,3,3,1,1,551,"table,text",1,0,4583
pintuco__fds-10-pintura-epoxi-poliamida-blanco-13243-10012925-10344427-hoja-de-seguridad-pdf__sec06__chunk01,pintuco__fds-10-pintura-epoxi-poliamida-blanco-13243-10012925-10344427-hoja-de-seguridad-pdf,Pintuco,PINTURA EPOXI POLIAMIDA BLANCO 13243,FDS 10 - pintura-epoxi-poliamida-blanco-13243-10012925-10344427-hoja-de-seguridad-pdf.pdf,6,3,3,1,1,642,"table,text",2,0,5201
pintuco__fds-10-pintura-epoxi-poliamida-blanco-13243-10012925-10344427-hoja-de-seguridad-pdf__sec07__chunk01,pintuco__fds-10-pintura-epoxi-poliamida-blanco-13243-10012925-10344427-hoja-de-seguridad-pdf,Pintuco,PINTURA EPOXI POLIAMIDA BLANCO 13243,FDS 10 - pintura-epoxi-poliamida-blanco-13243-10012925-10344427-hoja-de-seguridad-pdf.pdf,7,3,4,1,2,536,"image,ocr,table,text",2,1,4293
pintuco__fds-10-pintura-epoxi-poliamida-blanco-13243-10012925-10344427-hoja-de-seguridad-pdf__sec07__chunk02,pintuco__fds-10-pintura-epoxi-poliamida-blanco-13243-10012925-10344427-hoja-de-seguridad-pdf,Pintuco,PINTURA EPOXI POLIAMIDA BLANCO 13243,FDS 10 - pintura-epoxi-poliamida-blanco-13243-10012925-10344427-hoja-de-seguridad-pdf.pdf,7,3,4,2,2,655,"image,ocr,table,text",2,1,6133
pintuco__fds-10-pintura-epoxi-poliamida-blanco-13243-10012925-10344427-hoja-de-seguridad-pdf__sec08__chunk01,pintuco__fds-10-pintura-epoxi-poliamida-blanco-13243-10012925-10344427-hoja-de-seguridad-pdf,Pintuco,PINTURA EPOXI POLIAMIDA BLANCO 13243,FDS 10 - pintura-epoxi-poliamida-blanco-13243-10012925-10344427-hoja-de-seguridad-pdf.pdf,8,4,5,1,4,577,"image,ocr,table,text",9,10,4059
pintuco__fds-10-pintura-epoxi-poliamida-blanco-13243-10012925-10344427-hoja-de-seguridad-pdf__sec08__chunk02,pintuco__fds-10-pintura-epoxi-poliamida-blanco-13243-10012925-10344427-hoja-de-seguridad-pdf,Pintuco,PINTURA EPOXI POLIAMIDA BLANCO 13243,FDS 10 - pintura-epoxi-poliamida-blanco-13243-10012925-10344427-hoja-de-seguridad-pdf.pdf,8,4,5,2,4,590,"image,ocr,table,text",9,10,5928
pintuco__fds-10-pintura-epoxi-poliamida-blanco-13243-10012925-10344427-hoja-de-seguridad-pdf__sec08__chunk03,pintuco__fds-10-pintura-epoxi-poliamida-blanco-13243-10012925-10344427-hoja-de-seguridad-pdf,Pintuco,PINTURA EPOXI POLIAMIDA BLANCO 13243,FDS 10 - pintura-epoxi-poliamida-blanco-13243-10012925-10344427-hoja-de-seguridad-pdf.pdf,8,4,5,3,4,795,"image,ocr,table,text",9,10,8223
pintuco__fds-10-pintura-epoxi-poliamida-blanco-13243-10012925-10344427-hoja-de-seguridad-pdf__sec08__chunk04,pintuco__fds-10-pintura-epoxi-poliamida-blanco-13243-10012925-10344427-hoja-de-seguridad-pdf,Pintuco,PINTURA EPOXI POLIAMIDA BLANCO 13243,FDS 10 - pintura-epoxi-poliamida-blanco-13243-10012925-10344427-hoja-de-seguridad-pdf.pdf,8,4,5,4,4,610,"image,ocr,table,text",9,10,9917
pintuco__fds-10-pintura-epoxi-poliamida-blanco-13243-10012925-10344427-hoja-de-seguridad-pdf__sec09__chunk01,pintuco__fds-10-pintura-epoxi-poliamida-blanco-13243-10012925-10344427-hoja-de-seguridad-pdf,Pintuco,PINTURA EPOXI POLIAMIDA BLANCO 13243,FDS 10 - pintura-epoxi-poliamida-blanco-13243-10012925-10344427-hoja-de-seguridad-pdf.pdf,9,5,6,1,2,819,"image,ocr,table,text",3,2,7688
pintuco__fds-10-pintura-epoxi-poliamida-blanco-13243-10012925-10344427-hoja-de-seguridad-pdf__sec09__chunk02,pintuco__fds-10-pintura-epoxi-poliamida-blanco-13243-10012925-10344427-hoja-de-seguridad-pdf,Pintuco,PINTURA EPOXI POLIAMIDA BLANCO 13243,FDS 10 - pintura-epoxi-poliamida-blanco-13243-10012925-10344427-hoja-de-seguridad-pdf.pdf,9,5,6,2,2,182,"image,ocr,table,text",3,2,2665
pintuco__fds-10-pintura-epoxi-poliamida-blanco-13243-10012925-10344427-hoja-de-seguridad-pdf__sec10__chunk01,pintuco__fds-10-pintura-epoxi-poliamida-blanco-13243-10012925-10344427-hoja-de-seguridad-pdf,Pintuco,PINTURA EPOXI POLIAMIDA BLANCO 13243,FDS 10 - pintura-epoxi-poliamida-blanco-13243-10012925-10344427-hoja-de-seguridad-pdf.pdf,10,6,7,1,1,722,"image,ocr,table,text",5,2,8308
pintuco__fds-10-pintura-epoxi-poliamida-blanco-13243-10012925-10344427-hoja-de-seguridad-pdf__sec11__chunk01,pintuco__fds-10-pintura-epoxi-poliamida-blanco-13243-10012925-10344427-hoja-de-seguridad-pdf,Pintuco,PINTURA EPOXI POLIAMIDA BLANCO 13243,FDS 10 - pintura-epoxi-poliamida-blanco-13243-10012925-10344427-hoja-de-seguridad-pdf.pdf,11,7,8,1,4,836,"image,ocr,table,text",4,2,5754
pintuco__fds-10-pintura-epoxi-poliamida-blanco-13243-10012925-10344427-hoja-de-seguridad-pdf__sec11__chunk02,pintuco__fds-10-pintura-epoxi-poliamida-blanco-13243-10012925-10344427-hoja-de-seguridad-pdf,Pintuco,PINTURA EPOXI POLIAMIDA BLANCO 13243,FDS 10 - pintura-epoxi-poliamida-blanco-13243-10012925-10344427-hoja-de-seguridad-pdf.pdf,11,7,8,2,4,878,"image,ocr,table,text",4,2,6960
pintuco__fds-10-pintura-epoxi-poliamida-blanco-13243-10012925-10344427-hoja-de-seguridad-pdf__sec11__chunk03,pintuco__fds-10-pintura-epoxi-poliamida-blanco-13243-10012925-10344427-hoja-de-seguridad-pdf,Pintuco,PINTURA EPOXI POLIAMIDA BLANCO 13243,FDS 10 - pintura-epoxi-poliamida-blanco-13243-10012925-10344427-hoja-de-seguridad-pdf.pdf,11,7,8,3,4,734,"image,ocr,table,text",4,2,7354
pintuco__fds-10-pintura-epoxi-poliamida-blanco-13243-10012925-10344427-hoja-de-seguridad-pdf__sec11__chunk04,pintuco__fds-10-pintura-epoxi-poliamida-blanco-13243-10012925-10344427-hoja-de-seguridad-pdf,Pintuco,PINTURA EPOXI POLIAMIDA BLANCO 13243,FDS 10 - pintura-epoxi-poliamida-blanco-13243-10012925-10344427-hoja-de-seguridad-pdf.pdf,11,7,8,4,4,333,"image,ocr,table,text",4,2,4827
pintuco__fds-10-pintura-epoxi-poliamida-blanco-13243-10012925-10344427-hoja-de-seguridad-pdf__sec12__chunk01,pintuco__fds-10-pintura-epoxi-poliamida-blanco-13243-10012925-10344427-hoja-de-seguridad-pdf,Pintuco,PINTURA EPOXI POLIAMIDA BLANCO 13243,FDS 10 - pintura-epoxi-poliamida-blanco-13243-10012925-10344427-hoja-de-seguridad-pdf.pdf,12,8,10,1,3,798,"image,ocr,table,text",11,4,6254
pintuco__fds-10-pintura-epoxi-poliamida-blanco-13243-10012925-10344427-hoja-de-seguridad-pdf__sec12__chunk02,pintuco__fds-10-pintura-epoxi-poliamida-blanco-13243-10012925-10344427-hoja-de-seguridad-pdf,Pintuco,PINTURA EPOXI POLIAMIDA BLANCO 13243,FDS 10 - pintura-epoxi-poliamida-blanco-13243-10012925-10344427-hoja-de-seguridad-pdf.pdf,12,8,10,2,3,789,"image,ocr,table,text",11,4,13173
pintuco__fds-10-pintura-epoxi-poliamida-blanco-13243-10012925-10344427-hoja-de-seguridad-pdf__sec12__chunk03,pintuco__fds-10-pintura-epoxi-poliamida-blanco-13243-10012925-10344427-hoja-de-seguridad-pdf,Pintuco,PINTURA EPOXI POLIAMIDA BLANCO 13243,FDS 10 - pintura-epoxi-poliamida-blanco-13243-10012925-10344427-hoja-de-seguridad-pdf.pdf,12,8,10,3,3,619,"image,ocr,table,text",11,4,11109
pintuco__fds-10-pintura-epoxi-poliamida-blanco-13243-10012925-10344427-hoja-de-seguridad-pdf__sec13__chunk01,pintuco__fds-10-pintura-epoxi-poliamida-blanco-13243-10012925-10344427-hoja-de-seguridad-pdf,Pintuco,PINTURA EPOXI POLIAMIDA BLANCO 13243,FDS 10 - pintura-epoxi-poliamida-blanco-13243-10012925-10344427-hoja-de-seguridad-pdf.pdf,13,10,10,1,1,358,"table,text",1,0,2803
pintuco__fds-10-pintura-epoxi-poliamida-blanco-13243-10012925-10344427-hoja-de-seguridad-pdf__sec14__chunk01,pintuco__fds-10-pintura-epoxi-poliamida-blanco-13243-10012925-10344427-hoja-de-seguridad-pdf,Pintuco,PINTURA EPOXI POLIAMIDA BLANCO 13243,FDS 10 - pintura-epoxi-poliamida-blanco-13243-10012925-10344427-hoja-de-seguridad-pdf.pdf,14,10,11,1,1,761,"image,ocr,table,text",3,3,9458
pintuco__fds-10-pintura-epoxi-poliamida-blanco-13243-10012925-10344427-hoja-de-seguridad-pdf__sec15__chunk01,pintuco__fds-10-pintura-epoxi-poliamida-blanco-13243-10012925-10344427-hoja-de-seguridad-pdf,Pintuco,PINTURA EPOXI POLIAMIDA BLANCO 13243,FDS 10 - pintura-epoxi-poliamida-blanco-13243-10012925-10344427-hoja-de-seguridad-pdf.pdf,15,11,12,1,2,626,"image,ocr,table,text",3,2,4805
pintuco__fds-10-pintura-epoxi-poliamida-blanco-13243-10012925-10344427-hoja-de-seguridad-pdf__sec15__chunk02,pintuco__fds-10-pintura-epoxi-poliamida-blanco-13243-10012925-10344427-hoja-de-seguridad-pdf,Pintuco,PINTURA EPOXI POLIAMIDA BLANCO 13243,FDS 10 - pintura-epoxi-poliamida-blanco-13243-10012925-10344427-hoja-de-seguridad-pdf.pdf,15,11,12,2,2,721,"image,ocr,table,text",3,2,6644
pintuco__fds-10-pintura-epoxi-poliamida-blanco-13243-10012925-10344427-hoja-de-seguridad-pdf__sec16__chunk01,pintuco__fds-10-pintura-epoxi-poliamida-blanco-13243-10012925-10344427-hoja-de-seguridad-pdf,Pintuco,PINTURA EPOXI POLIAMIDA BLANCO 13243,FDS 10 - pintura-epoxi-poliamida-blanco-13243-10012925-10344427-hoja-de-seguridad-pdf.pdf,16,12,13,1,4,617,"image,ocr,table,text",3,2,4059
pintuco__fds-10-pintura-epoxi-poliamida-blanco-13243-10012925-10344427-hoja-de-seguridad-pdf__sec16__chunk02,pintuco__fds-10-pintura-epoxi-poliamida-blanco-13243-10012925-10344427-hoja-de-seguridad-pdf,Pintuco,PINTURA EPOXI POLIAMIDA BLANCO 13243,FDS 10 - pintura-epoxi-poliamida-blanco-13243-10012925-10344427-hoja-de-seguridad-pdf.pdf,16,12,13,2,4,850,"image,ocr,table,text",3,2,6333
pintuco__fds-10-pintura-epoxi-poliamida-blanco-13243-10012925-10344427-hoja-de-seguridad-pdf__sec16__chunk03,pintuco__fds-10-pintura-epoxi-poliamida-blanco-13243-10012925-10344427-hoja-de-seguridad-pdf,Pintuco,PINTURA EPOXI POLIAMIDA BLANCO 13243,FDS 10 - pintura-epoxi-poliamida-blanco-13243-10012925-10344427-hoja-de-seguridad-pdf.pdf,16,12,13,3,4,262,"image,ocr,table,text",3,2,1973
pintuco__fds-10-pintura-epoxi-poliamida-blanco-13243-10012925-10344427-hoja-de-seguridad-pdf__sec16__chunk04,pintuco__fds-10-pintura-epoxi-poliamida-blanco-13243-10012925-10344427-hoja-de-seguridad-pdf,Pintuco,PINTURA EPOXI POLIAMIDA BLANCO 13243,FDS 10 - pintura-epoxi-poliamida-blanco-13243-10012925-10344427-hoja-de-seguridad-pdf.pdf,16,12,13,4,4,395,"image,ocr,table,text",3,2,4383
pintuco__fds-12-pintura-anticorrosiva-gris-507-10014333-10012454-10171712-col-version-3-1__sec01__chunk01,pintuco__fds-12-pintura-anticorrosiva-gris-507-10014333-10012454-10171712-col-version-3-1,Pintuco,PINTURA ANTICORROSIVA GRIS 507,FDS 12 - PINTURA ANTICORROSIVA GRIS 507 _ 10014333-10012454-10171712 _COL (Versión 3) (1).pdf,1,1,1,1,1,336,"image,ocr,table,text",1,2,3824
pintuco__fds-12-pintura-anticorrosiva-gris-507-10014333-10012454-10171712-col-version-3-1__sec02__chunk01,pintuco__fds-12-pintura-anticorrosiva-gris-507-10014333-10012454-10171712-col-version-3-1,Pintuco,PINTURA ANTICORROSIVA GRIS 507,FDS 12 - PINTURA ANTICORROSIVA GRIS 507 _ 10014333-10012454-10171712 _COL (Versión 3) (1).pdf,2,1,2,1,3,389,"image,ocr,table,text",2,4,2574
pintuco__fds-12-pintura-anticorrosiva-gris-507-10014333-10012454-10171712-col-version-3-1__sec02__chunk02,pintuco__fds-12-pintura-anticorrosiva-gris-507-10014333-10012454-10171712-col-version-3-1,Pintuco,PINTURA ANTICORROSIVA GRIS 507,FDS 12 - PINTURA ANTICORROSIVA GRIS 507 _ 10014333-10012454-10171712 _COL (Versión 3) (1).pdf,2,1,2,2,3,814,"image,ocr,table,text",2,4,7052
pintuco__fds-12-pintura-anticorrosiva-gris-507-10014333-10012454-10171712-col-version-3-1__sec02__chunk03,pintuco__fds-12-pintura-anticorrosiva-gris-507-10014333-10012454-10171712-col-version-3-1,Pintuco,PINTURA ANTICORROSIVA GRIS 507,FDS 12 - PINTURA ANTICORROSIVA GRIS 507 _ 10014333-10012454-10171712 _COL (Versión 3) (1).pdf,2,1,2,3,3,221,"image,ocr,table,text",2,4,3710
pintuco__fds-12-pintura-anticorrosiva-gris-507-10014333-10012454-10171712-col-version-3-1__sec03__chunk01,pintuco__fds-12-pintura-anticorrosiva-gris-507-10014333-10012454-10171712-col-version-3-1,Pintuco,PINTURA ANTICORROSIVA GRIS 507,FDS 12 - PINTURA ANTICORROSIVA GRIS 507 _ 10014333-10012454-10171712 _COL (Versión 3) (1).pdf,3,2,2,1,1,422,"image,ocr,table,text",2,1,4461
pintuco__fds-12-pintura-anticorrosiva-gris-507-10014333-10012454-10171712-col-version-3-1__sec04__chunk01,pintuco__fds-12-pintura-anticorrosiva-gris-507-10014333-10012454-10171712-col-version-3-1,Pintuco,PINTURA ANTICORROSIVA GRIS 507,FDS 12 - PINTURA ANTICORROSIVA GRIS 507 _ 10014333-10012454-10171712 _COL (Versión 3) (1).pdf,4,2,2,1,2,385,"table,text",1,0,2432
pintuco__fds-12-pintura-anticorrosiva-gris-507-10014333-10012454-10171712-col-version-3-1__sec04__chunk02,pintuco__fds-12-pintura-anticorrosiva-gris-507-10014333-10012454-10171712-col-version-3-1,Pintuco,PINTURA ANTICORROSIVA GRIS 507,FDS 12 - PINTURA ANTICORROSIVA GRIS 507 _ 10014333-10012454-10171712 _COL (Versión 3) (1).pdf,4,2,2,2,2,804,"table,text",1,0,5828
pintuco__fds-12-pintura-anticorrosiva-gris-507-10014333-10012454-10171712-col-version-3-1__sec05__chunk01,pintuco__fds-12-pintura-anticorrosiva-gris-507-10014333-10012454-10171712-col-version-3-1,Pintuco,PINTURA ANTICORROSIVA GRIS 507,FDS 12 - PINTURA ANTICORROSIVA GRIS 507 _ 10014333-10012454-10171712 _COL (Versión 3) (1).pdf,5,2,3,1,1,791,"image,ocr,table,text",3,2,7564
pintuco__fds-12-pintura-anticorrosiva-gris-507-10014333-10012454-10171712-col-version-3-1__sec06__chunk01,pintuco__fds-12-pintura-anticorrosiva-gris-507-10014333-10012454-10171712-col-version-3-1,Pintuco,PINTURA ANTICORROSIVA GRIS 507,FDS 12 - PINTURA ANTICORROSIVA GRIS 507 _ 10014333-10012454-10171712 _COL (Versión 3) (1).pdf,6,3,3,1,1,659,"table,text",1,0,5099
pintuco__fds-12-pintura-anticorrosiva-gris-507-10014333-10012454-10171712-col-version-3-1__sec07__chunk01,pintuco__fds-12-pintura-anticorrosiva-gris-507-10014333-10012454-10171712-col-version-3-1,Pintuco,PINTURA ANTICORROSIVA GRIS 507,FDS 12 - PINTURA ANTICORROSIVA GRIS 507 _ 10014333-10012454-10171712 _COL (Versión 3) (1).pdf,7,3,4,1,2,843,"image,ocr,table,text",2,1,6684
pintuco__fds-12-pintura-anticorrosiva-gris-507-10014333-10012454-10171712-col-version-3-1__sec07__chunk02,pintuco__fds-12-pintura-anticorrosiva-gris-507-10014333-10012454-10171712-col-version-3-1,Pintuco,PINTURA ANTICORROSIVA GRIS 507,FDS 12 - PINTURA ANTICORROSIVA GRIS 507 _ 10014333-10012454-10171712 _COL (Versión 3) (1).pdf,7,3,4,2,2,259,"image,ocr,table,text",2,1,2819
pintuco__fds-12-pintura-anticorrosiva-gris-507-10014333-10012454-10171712-col-version-3-1__sec08__chunk01,pintuco__fds-12-pintura-anticorrosiva-gris-507-10014333-10012454-10171712-col-version-3-1,Pintuco,PINTURA ANTICORROSIVA GRIS 507,FDS 12 - PINTURA ANTICORROSIVA GRIS 507 _ 10014333-10012454-10171712 _COL (Versión 3) (1).pdf,8,4,5,1,4,576,"image,ocr,table,text",11,10,4278
pintuco__fds-12-pintura-anticorrosiva-gris-507-10014333-10012454-10171712-col-version-3-1__sec08__chunk02,pintuco__fds-12-pintura-anticorrosiva-gris-507-10014333-10012454-10171712-col-version-3-1,Pintuco,PINTURA ANTICORROSIVA GRIS 507,FDS 12 - PINTURA ANTICORROSIVA GRIS 507 _ 10014333-10012454-10171712 _COL (Versión 3) (1).pdf,8,4,5,2,4,818,"image,ocr,table,text",11,10,7392
pintuco__fds-12-pintura-anticorrosiva-gris-507-10014333-10012454-10171712-col-version-3-1__sec08__chunk03,pintuco__fds-12-pintura-anticorrosiva-gris-507-10014333-10012454-10171712-col-version-3-1,Pintuco,PINTURA ANTICORROSIVA GRIS 507,FDS 12 - PINTURA ANTICORROSIVA GRIS 507 _ 10014333-10012454-10171712 _COL (Versión 3) (1).pdf,8,4,5,3,4,827,"image,ocr,table,text",11,10,10902
pintuco__fds-12-pintura-anticorrosiva-gris-507-10014333-10012454-10171712-col-version-3-1__sec08__chunk04,pintuco__fds-12-pintura-anticorrosiva-gris-507-10014333-10012454-10171712-col-version-3-1,Pintuco,PINTURA ANTICORROSIVA GRIS 507,FDS 12 - PINTURA ANTICORROSIVA GRIS 507 _ 10014333-10012454-10171712 _COL (Versión 3) (1).pdf,8,4,5,4,4,302,"image,ocr,table,text",11,10,5457
pintuco__fds-12-pintura-anticorrosiva-gris-507-10014333-10012454-10171712-col-version-3-1__sec09__chunk01,pintuco__fds-12-pintura-anticorrosiva-gris-507-10014333-10012454-10171712-col-version-3-1,Pintuco,PINTURA ANTICORROSIVA GRIS 507,FDS 12 - PINTURA ANTICORROSIVA GRIS 507 _ 10014333-10012454-10171712 _COL (Versión 3) (1).pdf,9,5,6,1,2,837,"image,ocr,table,text",3,2,7723
pintuco__fds-12-pintura-anticorrosiva-gris-507-10014333-10012454-10171712-col-version-3-1__sec09__chunk02,pintuco__fds-12-pintura-anticorrosiva-gris-507-10014333-10012454-10171712-col-version-3-1,Pintuco,PINTURA ANTICORROSIVA GRIS 507,FDS 12 - PINTURA ANTICORROSIVA GRIS 507 _ 10014333-10012454-10171712 _COL (Versión 3) (1).pdf,9,5,6,2,2,182,"image,ocr,table,text",3,2,2532
pintuco__fds-12-pintura-anticorrosiva-gris-507-10014333-10012454-10171712-col-version-3-1__sec10__chunk01,pintuco__fds-12-pintura-anticorrosiva-gris-507-10014333-10012454-10171712-col-version-3-1,Pintuco,PINTURA ANTICORROSIVA GRIS 507,FDS 12 - PINTURA ANTICORROSIVA GRIS 507 _ 10014333-10012454-10171712 _COL (Versión 3) (1).pdf,10,6,6,1,1,531,"table,text",3,0,5588
pintuco__fds-12-pintura-anticorrosiva-gris-507-10014333-10012454-10171712-col-version-3-1__sec11__chunk01,pintuco__fds-12-pintura-anticorrosiva-gris-507-10014333-10012454-10171712-col-version-3-1,Pintuco,PINTURA ANTICORROSIVA GRIS 507,FDS 12 - PINTURA ANTICORROSIVA GRIS 507 _ 10014333-10012454-10171712 _COL (Versión 3) (1).pdf,11,6,7,1,5,688,"image,ocr,table,text",4,2,4794
pintuco__fds-12-pintura-anticorrosiva-gris-507-10014333-10012454-10171712-col-version-3-1__sec11__chunk02,pintuco__fds-12-pintura-anticorrosiva-gris-507-10014333-10012454-10171712-col-version-3-1,Pintuco,PINTURA ANTICORROSIVA GRIS 507,FDS 12 - PINTURA ANTICORROSIVA GRIS 507 _ 10014333-10012454-10171712 _COL (Versión 3) (1).pdf,11,6,7,2,5,379,"image,ocr,table,text",4,2,3263
pintuco__fds-12-pintura-anticorrosiva-gris-507-10014333-10012454-10171712-col-version-3-1__sec11__chunk03,pintuco__fds-12-pintura-anticorrosiva-gris-507-10014333-10012454-10171712-col-version-3-1,Pintuco,PINTURA ANTICORROSIVA GRIS 507,FDS 12 - PINTURA ANTICORROSIVA GRIS 507 _ 10014333-10012454-10171712 _COL (Versión 3) (1).pdf,11,6,7,3,5,850,"image,ocr,table,text",4,2,6839
pintuco__fds-12-pintura-anticorrosiva-gris-507-10014333-10012454-10171712-col-version-3-1__sec11__chunk04,pintuco__fds-12-pintura-anticorrosiva-gris-507-10014333-10012454-10171712-col-version-3-1,Pintuco,PINTURA ANTICORROSIVA GRIS 507,FDS 12 - PINTURA ANTICORROSIVA GRIS 507 _ 10014333-10012454-10171712 _COL (Versión 3) (1).pdf,11,6,7,4,5,211,"image,ocr,table,text",4,2,1816
pintuco__fds-12-pintura-anticorrosiva-gris-507-10014333-10012454-10171712-col-version-3-1__sec11__chunk05,pintuco__fds-12-pintura-anticorrosiva-gris-507-10014333-10012454-10171712-col-version-3-1,Pintuco,PINTURA ANTICORROSIVA GRIS 507,FDS 12 - PINTURA ANTICORROSIVA GRIS 507 _ 10014333-10012454-10171712 _COL (Versión 3) (1).pdf,11,6,7,5,5,127,"image,ocr,table,text",4,2,2103
pintuco__fds-12-pintura-anticorrosiva-gris-507-10014333-10012454-10171712-col-version-3-1__sec12__chunk01,pintuco__fds-12-pintura-anticorrosiva-gris-507-10014333-10012454-10171712-col-version-3-1,Pintuco,PINTURA ANTICORROSIVA GRIS 507,FDS 12 - PINTURA ANTICORROSIVA GRIS 507 _ 10014333-10012454-10171712 _COL (Versión 3) (1).pdf,12,7,8,1,1,690,"image,ocr,table,text",6,2,8277
pintuco__fds-12-pintura-anticorrosiva-gris-507-10014333-10012454-10171712-col-version-3-1__sec13__chunk01,pintuco__fds-12-pintura-anticorrosiva-gris-507-10014333-10012454-10171712-col-version-3-1,Pintuco,PINTURA ANTICORROSIVA GRIS 507,FDS 12 - PINTURA ANTICORROSIVA GRIS 507 _ 10014333-10012454-10171712 _COL (Versión 3) (1).pdf,13,8,8,1,1,367,"table,text",1,0,2801
pintuco__fds-12-pintura-anticorrosiva-gris-507-10014333-10012454-10171712-col-version-3-1__sec14__chunk01,pintuco__fds-12-pintura-anticorrosiva-gris-507-10014333-10012454-10171712-col-version-3-1,Pintuco,PINTURA ANTICORROSIVA GRIS 507,FDS 12 - PINTURA ANTICORROSIVA GRIS 507 _ 10014333-10012454-10171712 _COL (Versión 3) (1).pdf,14,8,8,1,1,74,"table,text",1,0,709
pintuco__fds-12-pintura-anticorrosiva-gris-507-10014333-10012454-10171712-col-version-3-1__sec15__chunk01,pintuco__fds-12-pintura-anticorrosiva-gris-507-10014333-10012454-10171712-col-version-3-1,Pintuco,PINTURA ANTICORROSIVA GRIS 507,FDS 12 - PINTURA ANTICORROSIVA GRIS 507 _ 10014333-10012454-10171712 _COL (Versión 3) (1).pdf,15,8,9,1,2,637,"image,ocr,table,text",3,2,4859
pintuco__fds-12-pintura-anticorrosiva-gris-507-10014333-10012454-10171712-col-version-3-1__sec15__chunk02,pintuco__fds-12-pintura-anticorrosiva-gris-507-10014333-10012454-10171712-col-version-3-1,Pintuco,PINTURA ANTICORROSIVA GRIS 507,FDS 12 - PINTURA ANTICORROSIVA GRIS 507 _ 10014333-10012454-10171712 _COL (Versión 3) (1).pdf,15,8,9,2,2,719,"image,ocr,table,text",3,2,6568
pintuco__fds-12-pintura-anticorrosiva-gris-507-10014333-10012454-10171712-col-version-3-1__sec16__chunk01,pintuco__fds-12-pintura-anticorrosiva-gris-507-10014333-10012454-10171712-col-version-3-1,Pintuco,PINTURA ANTICORROSIVA GRIS 507,FDS 12 - PINTURA ANTICORROSIVA GRIS 507 _ 10014333-10012454-10171712 _COL (Versión 3) (1).pdf,16,9,10,1,3,584,"image,ocr,table,text",4,2,3927
pintuco__fds-12-pintura-anticorrosiva-gris-507-10014333-10012454-10171712-col-version-3-1__sec16__chunk02,pintuco__fds-12-pintura-anticorrosiva-gris-507-10014333-10012454-10171712-col-version-3-1,Pintuco,PINTURA ANTICORROSIVA GRIS 507,FDS 12 - PINTURA ANTICORROSIVA GRIS 507 _ 10014333-10012454-10171712 _COL (Versión 3) (1).pdf,16,9,10,2,3,850,"image,ocr,table,text",4,2,7189
pintuco__fds-12-pintura-anticorrosiva-gris-507-10014333-10012454-10171712-col-version-3-1__sec16__chunk03,pintuco__fds-12-pintura-anticorrosiva-gris-507-10014333-10012454-10171712-col-version-3-1,Pintuco,PINTURA ANTICORROSIVA GRIS 507,FDS 12 - PINTURA ANTICORROSIVA GRIS 507 _ 10014333-10012454-10171712 _COL (Versión 3) (1).pdf,16,9,10,3,3,366,"image,ocr,table,text",4,2,3947
pintuco__fds-21-pintura-para-trafico-acrilico-base-solvente-13722-10017277-10015687__sec01__chunk01,pintuco__fds-21-pintura-para-trafico-acrilico-base-solvente-13722-10017277-10015687,Pintuco,PINTURA PARA TRAFICO ACRILICO BASE SOLVENTE BLANCO 13722,FDS 21 - Pintura-para-trafico-acrilico-base-solvente-13722-10017277-10015687.pdf,1,1,1,1,1,363,"image,ocr,table,text",1,2,3996
pintuco__fds-21-pintura-para-trafico-acrilico-base-solvente-13722-10017277-10015687__sec02__chunk01,pintuco__fds-21-pintura-para-trafico-acrilico-base-solvente-13722-10017277-10015687,Pintuco,PINTURA PARA TRAFICO ACRILICO BASE SOLVENTE BLANCO 13722,FDS 21 - Pintura-para-trafico-acrilico-base-solvente-13722-10017277-10015687.pdf,2,1,2,1,3,327,"image,ocr,table,text",2,5,2167
pintuco__fds-21-pintura-para-trafico-acrilico-base-solvente-13722-10017277-10015687__sec02__chunk02,pintuco__fds-21-pintura-para-trafico-acrilico-base-solvente-13722-10017277-10015687,Pintuco,PINTURA PARA TRAFICO ACRILICO BASE SOLVENTE BLANCO 13722,FDS 21 - Pintura-para-trafico-acrilico-base-solvente-13722-10017277-10015687.pdf,2,1,2,2,3,839,"image,ocr,table,text",2,5,8405
pintuco__fds-21-pintura-para-trafico-acrilico-base-solvente-13722-10017277-10015687__sec02__chunk03,pintuco__fds-21-pintura-para-trafico-acrilico-base-solvente-13722-10017277-10015687,Pintuco,PINTURA PARA TRAFICO ACRILICO BASE SOLVENTE BLANCO 13722,FDS 21 - Pintura-para-trafico-acrilico-base-solvente-13722-10017277-10015687.pdf,2,1,2,3,3,141,"image,ocr,table,text",2,5,2386
pintuco__fds-21-pintura-para-trafico-acrilico-base-solvente-13722-10017277-10015687__sec03__chunk01,pintuco__fds-21-pintura-para-trafico-acrilico-base-solvente-13722-10017277-10015687,Pintuco,PINTURA PARA TRAFICO ACRILICO BASE SOLVENTE BLANCO 13722,FDS 21 - Pintura-para-trafico-acrilico-base-solvente-13722-10017277-10015687.pdf,3,2,2,1,1,456,"image,ocr,table,text",2,1,4620
pintuco__fds-21-pintura-para-trafico-acrilico-base-solvente-13722-10017277-10015687__sec04__chunk01,pintuco__fds-21-pintura-para-trafico-acrilico-base-solvente-13722-10017277-10015687,Pintuco,PINTURA PARA TRAFICO ACRILICO BASE SOLVENTE BLANCO 13722,FDS 21 - Pintura-para-trafico-acrilico-base-solvente-13722-10017277-10015687.pdf,4,2,2,1,2,376,"table,text",1,0,2418
pintuco__fds-21-pintura-para-trafico-acrilico-base-solvente-13722-10017277-10015687__sec04__chunk02,pintuco__fds-21-pintura-para-trafico-acrilico-base-solvente-13722-10017277-10015687,Pintuco,PINTURA PARA TRAFICO ACRILICO BASE SOLVENTE BLANCO 13722,FDS 21 - Pintura-para-trafico-acrilico-base-solvente-13722-10017277-10015687.pdf,4,2,2,2,2,804,"table,text",1,0,5816
pintuco__fds-21-pintura-para-trafico-acrilico-base-solvente-13722-10017277-10015687__sec05__chunk01,pintuco__fds-21-pintura-para-trafico-acrilico-base-solvente-13722-10017277-10015687,Pintuco,PINTURA PARA TRAFICO ACRILICO BASE SOLVENTE BLANCO 13722,FDS 21 - Pintura-para-trafico-acrilico-base-solvente-13722-10017277-10015687.pdf,5,2,3,1,1,729,"image,ocr,table,text",3,2,6987
pintuco__fds-21-pintura-para-trafico-acrilico-base-solvente-13722-10017277-10015687__sec06__chunk01,pintuco__fds-21-pintura-para-trafico-acrilico-base-solvente-13722-10017277-10015687,Pintuco,PINTURA PARA TRAFICO ACRILICO BASE SOLVENTE BLANCO 13722,FDS 21 - Pintura-para-trafico-acrilico-base-solvente-13722-10017277-10015687.pdf,6,3,3,1,1,607,"table,text",1,0,4737
pintuco__fds-21-pintura-para-trafico-acrilico-base-solvente-13722-10017277-10015687__sec07__chunk01,pintuco__fds-21-pintura-para-trafico-acrilico-base-solvente-13722-10017277-10015687,Pintuco,PINTURA PARA TRAFICO ACRILICO BASE SOLVENTE BLANCO 13722,FDS 21 - Pintura-para-trafico-acrilico-base-solvente-13722-10017277-10015687.pdf,7,3,4,1,3,412,"image,ocr,table,text",2,2,3011
pintuco__fds-21-pintura-para-trafico-acrilico-base-solvente-13722-10017277-10015687__sec07__chunk02,pintuco__fds-21-pintura-para-trafico-acrilico-base-solvente-13722-10017277-10015687,Pintuco,PINTURA PARA TRAFICO ACRILICO BASE SOLVENTE BLANCO 13722,FDS 21 - Pintura-para-trafico-acrilico-base-solvente-13722-10017277-10015687.pdf,7,3,4,2,3,831,"image,ocr,table,text",2,2,7103
pintuco__fds-21-pintura-para-trafico-acrilico-base-solvente-13722-10017277-10015687__sec07__chunk03,pintuco__fds-21-pintura-para-trafico-acrilico-base-solvente-13722-10017277-10015687,Pintuco,PINTURA PARA TRAFICO ACRILICO BASE SOLVENTE BLANCO 13722,FDS 21 - Pintura-para-trafico-acrilico-base-solvente-13722-10017277-10015687.pdf,7,3,4,3,3,182,"image,ocr,table,text",2,2,2441
pintuco__fds-21-pintura-para-trafico-acrilico-base-solvente-13722-10017277-10015687__sec08__chunk01,pintuco__fds-21-pintura-para-trafico-acrilico-base-solvente-13722-10017277-10015687,Pintuco,PINTURA PARA TRAFICO ACRILICO BASE SOLVENTE BLANCO 13722,FDS 21 - Pintura-para-trafico-acrilico-base-solvente-13722-10017277-10015687.pdf,8,4,5,1,4,632,"image,ocr,table,text",10,9,4550
pintuco__fds-21-pintura-para-trafico-acrilico-base-solvente-13722-10017277-10015687__sec08__chunk02,pintuco__fds-21-pintura-para-trafico-acrilico-base-solvente-13722-10017277-10015687,Pintuco,PINTURA PARA TRAFICO ACRILICO BASE SOLVENTE BLANCO 13722,FDS 21 - Pintura-para-trafico-acrilico-base-solvente-13722-10017277-10015687.pdf,8,4,5,2,4,790,"image,ocr,table,text",10,9,6948
pintuco__fds-21-pintura-para-trafico-acrilico-base-solvente-13722-10017277-10015687__sec08__chunk03,pintuco__fds-21-pintura-para-trafico-acrilico-base-solvente-13722-10017277-10015687,Pintuco,PINTURA PARA TRAFICO ACRILICO BASE SOLVENTE BLANCO 13722,FDS 21 - Pintura-para-trafico-acrilico-base-solvente-13722-10017277-10015687.pdf,8,4,5,3,4,818,"image,ocr,table,text",10,9,9012
pintuco__fds-21-pintura-para-trafico-acrilico-base-solvente-13722-10017277-10015687__sec08__chunk04,pintuco__fds-21-pintura-para-trafico-acrilico-base-solvente-13722-10017277-10015687,Pintuco,PINTURA PARA TRAFICO ACRILICO BASE SOLVENTE BLANCO 13722,FDS 21 - Pintura-para-trafico-acrilico-base-solvente-13722-10017277-10015687.pdf,8,4,5,4,4,422,"image,ocr,table,text",10,9,7228
pintuco__fds-21-pintura-para-trafico-acrilico-base-solvente-13722-10017277-10015687__sec09__chunk01,pintuco__fds-21-pintura-para-trafico-acrilico-base-solvente-13722-10017277-10015687,Pintuco,PINTURA PARA TRAFICO ACRILICO BASE SOLVENTE BLANCO 13722,FDS 21 - Pintura-para-trafico-acrilico-base-solvente-13722-10017277-10015687.pdf,9,5,6,1,2,812,"image,ocr,table,text",3,2,7516
pintuco__fds-21-pintura-para-trafico-acrilico-base-solvente-13722-10017277-10015687__sec09__chunk02,pintuco__fds-21-pintura-para-trafico-acrilico-base-solvente-13722-10017277-10015687,Pintuco,PINTURA PARA TRAFICO ACRILICO BASE SOLVENTE BLANCO 13722,FDS 21 - Pintura-para-trafico-acrilico-base-solvente-13722-10017277-10015687.pdf,9,5,6,2,2,182,"image,ocr,table,text",3,2,2584
pintuco__fds-21-pintura-para-trafico-acrilico-base-solvente-13722-10017277-10015687__sec10__chunk01,pintuco__fds-21-pintura-para-trafico-acrilico-base-solvente-13722-10017277-10015687,Pintuco,PINTURA PARA TRAFICO ACRILICO BASE SOLVENTE BLANCO 13722,FDS 21 - Pintura-para-trafico-acrilico-base-solvente-13722-10017277-10015687.pdf,10,6,6,1,1,538,"table,text",3,0,5642
pintuco__fds-21-pintura-para-trafico-acrilico-base-solvente-13722-10017277-10015687__sec11__chunk01,pintuco__fds-21-pintura-para-trafico-acrilico-base-solvente-13722-10017277-10015687,Pintuco,PINTURA PARA TRAFICO ACRILICO BASE SOLVENTE BLANCO 13722,FDS 21 - Pintura-para-trafico-acrilico-base-solvente-13722-10017277-10015687.pdf,11,6,8,1,4,843,"image,ocr,table,text",6,4,6178
pintuco__fds-21-pintura-para-trafico-acrilico-base-solvente-13722-10017277-10015687__sec11__chunk02,pintuco__fds-21-pintura-para-trafico-acrilico-base-solvente-13722-10017277-10015687,Pintuco,PINTURA PARA TRAFICO ACRILICO BASE SOLVENTE BLANCO 13722,FDS 21 - Pintura-para-trafico-acrilico-base-solvente-13722-10017277-10015687.pdf,11,6,8,2,4,850,"image,ocr,table,text",6,4,6664
pintuco__fds-21-pintura-para-trafico-acrilico-base-solvente-13722-10017277-10015687__sec11__chunk03,pintuco__fds-21-pintura-para-trafico-acrilico-base-solvente-13722-10017277-10015687,Pintuco,PINTURA PARA TRAFICO ACRILICO BASE SOLVENTE BLANCO 13722,FDS 21 - Pintura-para-trafico-acrilico-base-solvente-13722-10017277-10015687.pdf,11,6,8,3,4,447,"image,ocr,table,text",6,4,3486
pintuco__fds-21-pintura-para-trafico-acrilico-base-solvente-13722-10017277-10015687__sec11__chunk04,pintuco__fds-21-pintura-para-trafico-acrilico-base-solvente-13722-10017277-10015687,Pintuco,PINTURA PARA TRAFICO ACRILICO BASE SOLVENTE BLANCO 13722,FDS 21 - Pintura-para-trafico-acrilico-base-solvente-13722-10017277-10015687.pdf,11,6,8,4,4,394,"image,ocr,table,text",6,4,6137
pintuco__fds-21-pintura-para-trafico-acrilico-base-solvente-13722-10017277-10015687__sec12__chunk01,pintuco__fds-21-pintura-para-trafico-acrilico-base-solvente-13722-10017277-10015687,Pintuco,PINTURA PARA TRAFICO ACRILICO BASE SOLVENTE BLANCO 13722,FDS 21 - Pintura-para-trafico-acrilico-base-solvente-13722-10017277-10015687.pdf,12,8,9,1,2,848,"image,ocr,table,text",7,2,9626
pintuco__fds-21-pintura-para-trafico-acrilico-base-solvente-13722-10017277-10015687__sec12__chunk02,pintuco__fds-21-pintura-para-trafico-acrilico-base-solvente-13722-10017277-10015687,Pintuco,PINTURA PARA TRAFICO ACRILICO BASE SOLVENTE BLANCO 13722,FDS 21 - Pintura-para-trafico-acrilico-base-solvente-13722-10017277-10015687.pdf,12,8,9,2,2,411,"image,ocr,table,text",7,2,6190
pintuco__fds-21-pintura-para-trafico-acrilico-base-solvente-13722-10017277-10015687__sec13__chunk01,pintuco__fds-21-pintura-para-trafico-acrilico-base-solvente-13722-10017277-10015687,Pintuco,PINTURA PARA TRAFICO ACRILICO BASE SOLVENTE BLANCO 13722,FDS 21 - Pintura-para-trafico-acrilico-base-solvente-13722-10017277-10015687.pdf,13,9,9,1,1,358,"table,text",1,0,2775
pintuco__fds-21-pintura-para-trafico-acrilico-base-solvente-13722-10017277-10015687__sec14__chunk01,pintuco__fds-21-pintura-para-trafico-acrilico-base-solvente-13722-10017277-10015687,Pintuco,PINTURA PARA TRAFICO ACRILICO BASE SOLVENTE BLANCO 13722,FDS 21 - Pintura-para-trafico-acrilico-base-solvente-13722-10017277-10015687.pdf,14,9,10,1,1,791,"image,ocr,table,text",3,4,9932
pintuco__fds-21-pintura-para-trafico-acrilico-base-solvente-13722-10017277-10015687__sec15__chunk01,pintuco__fds-21-pintura-para-trafico-acrilico-base-solvente-13722-10017277-10015687,Pintuco,PINTURA PARA TRAFICO ACRILICO BASE SOLVENTE BLANCO 13722,FDS 21 - Pintura-para-trafico-acrilico-base-solvente-13722-10017277-10015687.pdf,15,10,11,1,2,618,"image,ocr,table,text",3,2,4742
pintuco__fds-21-pintura-para-trafico-acrilico-base-solvente-13722-10017277-10015687__sec15__chunk02,pintuco__fds-21-pintura-para-trafico-acrilico-base-solvente-13722-10017277-10015687,Pintuco,PINTURA PARA TRAFICO ACRILICO BASE SOLVENTE BLANCO 13722,FDS 21 - Pintura-para-trafico-acrilico-base-solvente-13722-10017277-10015687.pdf,15,10,11,2,2,719,"image,ocr,table,text",3,2,6484
pintuco__fds-21-pintura-para-trafico-acrilico-base-solvente-13722-10017277-10015687__sec16__chunk01,pintuco__fds-21-pintura-para-trafico-acrilico-base-solvente-13722-10017277-10015687,Pintuco,PINTURA PARA TRAFICO ACRILICO BASE SOLVENTE BLANCO 13722,FDS 21 - Pintura-para-trafico-acrilico-base-solvente-13722-10017277-10015687.pdf,16,11,12,1,3,526,"image,ocr,table,text",4,2,3537
pintuco__fds-21-pintura-para-trafico-acrilico-base-solvente-13722-10017277-10015687__sec16__chunk02,pintuco__fds-21-pintura-para-trafico-acrilico-base-solvente-13722-10017277-10015687,Pintuco,PINTURA PARA TRAFICO ACRILICO BASE SOLVENTE BLANCO 13722,FDS 21 - Pintura-para-trafico-acrilico-base-solvente-13722-10017277-10015687.pdf,16,11,12,2,3,773,"image,ocr,table,text",4,2,6500
pintuco__fds-21-pintura-para-trafico-acrilico-base-solvente-13722-10017277-10015687__sec16__chunk03,pintuco__fds-21-pintura-para-trafico-acrilico-base-solvente-13722-10017277-10015687,Pintuco,PINTURA PARA TRAFICO ACRILICO BASE SOLVENTE BLANCO 13722,FDS 21 - Pintura-para-trafico-acrilico-base-solvente-13722-10017277-10015687.pdf,16,11,12,3,3,361,"image,ocr,table,text",4,2,3833
pintuco__fds-30-esmalte-top-quality-gris-plata-1799-pintuco__sec01__chunk01,pintuco__fds-30-esmalte-top-quality-gris-plata-1799-pintuco,Pintuco,ESMALTE TOP QUALITY GRIS PLATA 1799,FDS 30 - ESMALTE TOP QUALITY GRIS PLATA 1799 -PINTUCO .pdf,1,1,1,1,1,340,"image,ocr,table,text",1,2,3449
pintuco__fds-30-esmalte-top-quality-gris-plata-1799-pintuco__sec02__chunk01,pintuco__fds-30-esmalte-top-quality-gris-plata-1799-pintuco,Pintuco,ESMALTE TOP QUALITY GRIS PLATA 1799,FDS 30 - ESMALTE TOP QUALITY GRIS PLATA 1799 -PINTUCO .pdf,2,1,2,1,3,401,"image,ocr,table,text",2,6,2621
pintuco__fds-30-esmalte-top-quality-gris-plata-1799-pintuco__sec02__chunk02,pintuco__fds-30-esmalte-top-quality-gris-plata-1799-pintuco,Pintuco,ESMALTE TOP QUALITY GRIS PLATA 1799,FDS 30 - ESMALTE TOP QUALITY GRIS PLATA 1799 -PINTUCO .pdf,2,1,2,2,3,840,"image,ocr,table,text",2,6,6993
pintuco__fds-30-esmalte-top-quality-gris-plata-1799-pintuco__sec02__chunk03,pintuco__fds-30-esmalte-top-quality-gris-plata-1799-pintuco,Pintuco,ESMALTE TOP QUALITY GRIS PLATA 1799,FDS 30 - ESMALTE TOP QUALITY GRIS PLATA 1799 -PINTUCO .pdf,2,1,2,3,3,301,"image,ocr,table,text",2,6,4414
pintuco__fds-30-esmalte-top-quality-gris-plata-1799-pintuco__sec03__chunk01,pintuco__fds-30-esmalte-top-quality-gris-plata-1799-pintuco,Pintuco,ESMALTE TOP QUALITY GRIS PLATA 1799,FDS 30 - ESMALTE TOP QUALITY GRIS PLATA 1799 -PINTUCO .pdf,3,2,2,1,1,440,"image,ocr,table,text",2,1,4376
pintuco__fds-30-esmalte-top-quality-gris-plata-1799-pintuco__sec04__chunk01,pintuco__fds-30-esmalte-top-quality-gris-plata-1799-pintuco,Pintuco,ESMALTE TOP QUALITY GRIS PLATA 1799,FDS 30 - ESMALTE TOP QUALITY GRIS PLATA 1799 -PINTUCO .pdf,4,2,2,1,2,383,"table,text",1,0,2396
pintuco__fds-30-esmalte-top-quality-gris-plata-1799-pintuco__sec04__chunk02,pintuco__fds-30-esmalte-top-quality-gris-plata-1799-pintuco,Pintuco,ESMALTE TOP QUALITY GRIS PLATA 1799,FDS 30 - ESMALTE TOP QUALITY GRIS PLATA 1799 -PINTUCO .pdf,4,2,2,2,2,804,"table,text",1,0,5768
pintuco__fds-30-esmalte-top-quality-gris-plata-1799-pintuco__sec05__chunk01,pintuco__fds-30-esmalte-top-quality-gris-plata-1799-pintuco,Pintuco,ESMALTE TOP QUALITY GRIS PLATA 1799,FDS 30 - ESMALTE TOP QUALITY GRIS PLATA 1799 -PINTUCO .pdf,5,2,3,1,1,746,"image,ocr,table,text",3,2,6693
pintuco__fds-30-esmalte-top-quality-gris-plata-1799-pintuco__sec06__chunk01,pintuco__fds-30-esmalte-top-quality-gris-plata-1799-pintuco,Pintuco,ESMALTE TOP QUALITY GRIS PLATA 1799,FDS 30 - ESMALTE TOP QUALITY GRIS PLATA 1799 -PINTUCO .pdf,6,3,3,1,1,657,"table,text",1,0,5003
pintuco__fds-30-esmalte-top-quality-gris-plata-1799-pintuco__sec07__chunk01,pintuco__fds-30-esmalte-top-quality-gris-plata-1799-pintuco,Pintuco,ESMALTE TOP QUALITY GRIS PLATA 1799,FDS 30 - ESMALTE TOP QUALITY GRIS PLATA 1799 -PINTUCO .pdf,7,3,4,1,3,418,"image,ocr,table,text",2,2,2942
pintuco__fds-30-esmalte-top-quality-gris-plata-1799-pintuco__sec07__chunk02,pintuco__fds-30-esmalte-top-quality-gris-plata-1799-pintuco,Pintuco,ESMALTE TOP QUALITY GRIS PLATA 1799,FDS 30 - ESMALTE TOP QUALITY GRIS PLATA 1799 -PINTUCO .pdf,7,3,4,2,3,819,"image,ocr,table,text",2,2,6833
pintuco__fds-30-esmalte-top-quality-gris-plata-1799-pintuco__sec07__chunk03,pintuco__fds-30-esmalte-top-quality-gris-plata-1799-pintuco,Pintuco,ESMALTE TOP QUALITY GRIS PLATA 1799,FDS 30 - ESMALTE TOP QUALITY GRIS PLATA 1799 -PINTUCO .pdf,7,3,4,3,3,182,"image,ocr,table,text",2,2,2213
pintuco__fds-30-esmalte-top-quality-gris-plata-1799-pintuco__sec08__chunk01,pintuco__fds-30-esmalte-top-quality-gris-plata-1799-pintuco,Pintuco,ESMALTE TOP QUALITY GRIS PLATA 1799,FDS 30 - ESMALTE TOP QUALITY GRIS PLATA 1799 -PINTUCO .pdf,8,4,5,1,4,580,"image,ocr,table,text",10,9,4169
pintuco__fds-30-esmalte-top-quality-gris-plata-1799-pintuco__sec08__chunk02,pintuco__fds-30-esmalte-top-quality-gris-plata-1799-pintuco,Pintuco,ESMALTE TOP QUALITY GRIS PLATA 1799,FDS 30 - ESMALTE TOP QUALITY GRIS PLATA 1799 -PINTUCO .pdf,8,4,5,2,4,820,"image,ocr,table,text",10,9,7382
pintuco__fds-30-esmalte-top-quality-gris-plata-1799-pintuco__sec08__chunk03,pintuco__fds-30-esmalte-top-quality-gris-plata-1799-pintuco,Pintuco,ESMALTE TOP QUALITY GRIS PLATA 1799,FDS 30 - ESMALTE TOP QUALITY GRIS PLATA 1799 -PINTUCO .pdf,8,4,5,3,4,842,"image,ocr,table,text",10,9,10174
pintuco__fds-30-esmalte-top-quality-gris-plata-1799-pintuco__sec08__chunk04,pintuco__fds-30-esmalte-top-quality-gris-plata-1799-pintuco,Pintuco,ESMALTE TOP QUALITY GRIS PLATA 1799,FDS 30 - ESMALTE TOP QUALITY GRIS PLATA 1799 -PINTUCO .pdf,8,4,5,4,4,220,"image,ocr,table,text",10,9,3337
pintuco__fds-30-esmalte-top-quality-gris-plata-1799-pintuco__sec09__chunk01,pintuco__fds-30-esmalte-top-quality-gris-plata-1799-pintuco,Pintuco,ESMALTE TOP QUALITY GRIS PLATA 1799,FDS 30 - ESMALTE TOP QUALITY GRIS PLATA 1799 -PINTUCO .pdf,9,5,6,1,2,823,"image,ocr,table,text",3,2,7432
pintuco__fds-30-esmalte-top-quality-gris-plata-1799-pintuco__sec09__chunk02,pintuco__fds-30-esmalte-top-quality-gris-plata-1799-pintuco,Pintuco,ESMALTE TOP QUALITY GRIS PLATA 1799,FDS 30 - ESMALTE TOP QUALITY GRIS PLATA 1799 -PINTUCO .pdf,9,5,6,2,2,182,"image,ocr,table,text",3,2,2385
pintuco__fds-30-esmalte-top-quality-gris-plata-1799-pintuco__sec10__chunk01,pintuco__fds-30-esmalte-top-quality-gris-plata-1799-pintuco,Pintuco,ESMALTE TOP QUALITY GRIS PLATA 1799,FDS 30 - ESMALTE TOP QUALITY GRIS PLATA 1799 -PINTUCO .pdf,10,6,6,1,1,545,"table,text",3,0,5476
pintuco__fds-30-esmalte-top-quality-gris-plata-1799-pintuco__sec11__chunk01,pintuco__fds-30-esmalte-top-quality-gris-plata-1799-pintuco,Pintuco,ESMALTE TOP QUALITY GRIS PLATA 1799,FDS 30 - ESMALTE TOP QUALITY GRIS PLATA 1799 -PINTUCO .pdf,11,6,8,1,5,841,"image,ocr,table,text",5,3,5725
pintuco__fds-30-esmalte-top-quality-gris-plata-1799-pintuco__sec11__chunk02,pintuco__fds-30-esmalte-top-quality-gris-plata-1799-pintuco,Pintuco,ESMALTE TOP QUALITY GRIS PLATA 1799,FDS 30 - ESMALTE TOP QUALITY GRIS PLATA 1799 -PINTUCO .pdf,11,6,8,2,5,283,"image,ocr,table,text",5,3,2336
pintuco__fds-30-esmalte-top-quality-gris-plata-1799-pintuco__sec11__chunk03,pintuco__fds-30-esmalte-top-quality-gris-plata-1799-pintuco,Pintuco,ESMALTE TOP QUALITY GRIS PLATA 1799,FDS 30 - ESMALTE TOP QUALITY GRIS PLATA 1799 -PINTUCO .pdf,11,6,8,3,5,850,"image,ocr,table,text",5,3,6708
pintuco__fds-30-esmalte-top-quality-gris-plata-1799-pintuco__sec11__chunk04,pintuco__fds-30-esmalte-top-quality-gris-plata-1799-pintuco,Pintuco,ESMALTE TOP QUALITY GRIS PLATA 1799,FDS 30 - ESMALTE TOP QUALITY GRIS PLATA 1799 -PINTUCO .pdf,11,6,8,4,5,541,"image,ocr,table,text",5,3,4290
pintuco__fds-30-esmalte-top-quality-gris-plata-1799-pintuco__sec11__chunk05,pintuco__fds-30-esmalte-top-quality-gris-plata-1799-pintuco,Pintuco,ESMALTE TOP QUALITY GRIS PLATA 1799,FDS 30 - ESMALTE TOP QUALITY GRIS PLATA 1799 -PINTUCO .pdf,11,6,8,5,5,203,"image,ocr,table,text",5,3,2801
pintuco__fds-30-esmalte-top-quality-gris-plata-1799-pintuco__sec12__chunk01,pintuco__fds-30-esmalte-top-quality-gris-plata-1799-pintuco,Pintuco,ESMALTE TOP QUALITY GRIS PLATA 1799,FDS 30 - ESMALTE TOP QUALITY GRIS PLATA 1799 -PINTUCO .pdf,12,8,8,1,1,581,"image,ocr,table,text",3,1,6233
pintuco__fds-30-esmalte-top-quality-gris-plata-1799-pintuco__sec13__chunk01,pintuco__fds-30-esmalte-top-quality-gris-plata-1799-pintuco,Pintuco,ESMALTE TOP QUALITY GRIS PLATA 1799,FDS 30 - ESMALTE TOP QUALITY GRIS PLATA 1799 -PINTUCO .pdf,13,8,8,1,1,365,"table,text",1,0,2705
pintuco__fds-30-esmalte-top-quality-gris-plata-1799-pintuco__sec14__chunk01,pintuco__fds-30-esmalte-top-quality-gris-plata-1799-pintuco,Pintuco,ESMALTE TOP QUALITY GRIS PLATA 1799,FDS 30 - ESMALTE TOP QUALITY GRIS PLATA 1799 -PINTUCO .pdf,14,8,9,1,1,848,"image,ocr,table,text",3,5,10070
pintuco__fds-30-esmalte-top-quality-gris-plata-1799-pintuco__sec15__chunk01,pintuco__fds-30-esmalte-top-quality-gris-plata-1799-pintuco,Pintuco,ESMALTE TOP QUALITY GRIS PLATA 1799,FDS 30 - ESMALTE TOP QUALITY GRIS PLATA 1799 -PINTUCO .pdf,15,9,10,1,2,633,"image,ocr,table,text",3,2,4629
pintuco__fds-30-esmalte-top-quality-gris-plata-1799-pintuco__sec15__chunk02,pintuco__fds-30-esmalte-top-quality-gris-plata-1799-pintuco,Pintuco,ESMALTE TOP QUALITY GRIS PLATA 1799,FDS 30 - ESMALTE TOP QUALITY GRIS PLATA 1799 -PINTUCO .pdf,15,9,10,2,2,721,"image,ocr,table,text",3,2,6212
pintuco__fds-30-esmalte-top-quality-gris-plata-1799-pintuco__sec16__chunk01,pintuco__fds-30-esmalte-top-quality-gris-plata-1799-pintuco,Pintuco,ESMALTE TOP QUALITY GRIS PLATA 1799,FDS 30 - ESMALTE TOP QUALITY GRIS PLATA 1799 -PINTUCO .pdf,16,10,11,1,3,601,"image,ocr,table,text",4,2,4006
pintuco__fds-30-esmalte-top-quality-gris-plata-1799-pintuco__sec16__chunk02,pintuco__fds-30-esmalte-top-quality-gris-plata-1799-pintuco,Pintuco,ESMALTE TOP QUALITY GRIS PLATA 1799,FDS 30 - ESMALTE TOP QUALITY GRIS PLATA 1799 -PINTUCO .pdf,16,10,11,2,3,755,"image,ocr,table,text",4,2,5965
pintuco__fds-30-esmalte-top-quality-gris-plata-1799-pintuco__sec16__chunk03,pintuco__fds-30-esmalte-top-quality-gris-plata-1799-pintuco,Pintuco,ESMALTE TOP QUALITY GRIS PLATA 1799,FDS 30 - ESMALTE TOP QUALITY GRIS PLATA 1799 -PINTUCO .pdf,16,10,11,3,3,495,"image,ocr,table,text",4,2,5009
pintuco__fds-32-pintulaca-blanco-7519-pintuco__sec01__chunk01,pintuco__fds-32-pintulaca-blanco-7519-pintuco,Pintuco,PINTULACA BLANCO 7519,FDS 32 - PINTULACA BLANCO 7519 - PINTUCO.pdf,1,1,1,1,1,343,"image,ocr,table,text",1,2,3421
pintuco__fds-32-pintulaca-blanco-7519-pintuco__sec02__chunk01,pintuco__fds-32-pintulaca-blanco-7519-pintuco,Pintuco,PINTULACA BLANCO 7519,FDS 32 - PINTULACA BLANCO 7519 - PINTUCO.pdf,2,1,2,1,2,337,"image,ocr,table,text",2,4,2202
pintuco__fds-32-pintulaca-blanco-7519-pintuco__sec02__chunk02,pintuco__fds-32-pintulaca-blanco-7519-pintuco,Pintuco,PINTULACA BLANCO 7519,FDS 32 - PINTULACA BLANCO 7519 - PINTUCO.pdf,2,1,2,2,2,847,"image,ocr,table,text",2,4,7775
pintuco__fds-32-pintulaca-blanco-7519-pintuco__sec03__chunk01,pintuco__fds-32-pintulaca-blanco-7519-pintuco,Pintuco,PINTULACA BLANCO 7519,FDS 32 - PINTULACA BLANCO 7519 - PINTUCO.pdf,3,2,2,1,1,654,"image,ocr,table,text",2,1,6154
pintuco__fds-32-pintulaca-blanco-7519-pintuco__sec04__chunk01,pintuco__fds-32-pintulaca-blanco-7519-pintuco,Pintuco,PINTULACA BLANCO 7519,FDS 32 - PINTULACA BLANCO 7519 - PINTUCO.pdf,4,2,3,1,2,796,"image,ocr,table,text",3,2,5472
pintuco__fds-32-pintulaca-blanco-7519-pintuco__sec04__chunk02,pintuco__fds-32-pintulaca-blanco-7519-pintuco,Pintuco,PINTULACA BLANCO 7519,FDS 32 - PINTULACA BLANCO 7519 - PINTUCO.pdf,4,2,3,2,2,511,"image,ocr,table,text",3,2,4289
pintuco__fds-32-pintulaca-blanco-7519-pintuco__sec05__chunk01,pintuco__fds-32-pintulaca-blanco-7519-pintuco,Pintuco,PINTULACA BLANCO 7519,FDS 32 - PINTULACA BLANCO 7519 - PINTUCO.pdf,5,3,3,1,1,555,"table,text",1,0,4444
pintuco__fds-32-pintulaca-blanco-7519-pintuco__sec06__chunk01,pintuco__fds-32-pintulaca-blanco-7519-pintuco,Pintuco,PINTULACA BLANCO 7519,FDS 32 - PINTULACA BLANCO 7519 - PINTUCO.pdf,6,3,3,1,1,611,"table,text",1,0,4625
pintuco__fds-32-pintulaca-blanco-7519-pintuco__sec07__chunk01,pintuco__fds-32-pintulaca-blanco-7519-pintuco,Pintuco,PINTULACA BLANCO 7519,FDS 32 - PINTULACA BLANCO 7519 - PINTUCO.pdf,7,3,4,1,2,509,"image,ocr,table,text",3,1,3902
pintuco__fds-32-pintulaca-blanco-7519-pintuco__sec07__chunk02,pintuco__fds-32-pintulaca-blanco-7519-pintuco,Pintuco,PINTULACA BLANCO 7519,FDS 32 - PINTULACA BLANCO 7519 - PINTUCO.pdf,7,3,4,2,2,819,"image,ocr,table,text",3,1,7201
pintuco__fds-32-pintulaca-blanco-7519-pintuco__sec08__chunk01,pintuco__fds-32-pintulaca-blanco-7519-pintuco,Pintuco,PINTULACA BLANCO 7519,FDS 32 - PINTULACA BLANCO 7519 - PINTUCO.pdf,8,4,6,1,4,819,"image,ocr,table,text",10,10,6960
pintuco__fds-32-pintulaca-blanco-7519-pintuco__sec08__chunk02,pintuco__fds-32-pintulaca-blanco-7519-pintuco,Pintuco,PINTULACA BLANCO 7519,FDS 32 - PINTULACA BLANCO 7519 - PINTUCO.pdf,8,4,6,2,4,247,"image,ocr,table,text",10,10,3354
pintuco__fds-32-pintulaca-blanco-7519-pintuco__sec08__chunk03,pintuco__fds-32-pintulaca-blanco-7519-pintuco,Pintuco,PINTULACA BLANCO 7519,FDS 32 - PINTULACA BLANCO 7519 - PINTUCO.pdf,8,4,6,3,4,915,"image,ocr,table,text",10,10,8254
pintuco__fds-32-pintulaca-blanco-7519-pintuco__sec08__chunk04,pintuco__fds-32-pintulaca-blanco-7519-pintuco,Pintuco,PINTULACA BLANCO 7519,FDS 32 - PINTULACA BLANCO 7519 - PINTUCO.pdf,8,4,6,4,4,827,"image,ocr,table,text",10,10,9825
pintuco__fds-32-pintulaca-blanco-7519-pintuco__sec09__chunk01,pintuco__fds-32-pintulaca-blanco-7519-pintuco,Pintuco,PINTULACA BLANCO 7519,FDS 32 - PINTULACA BLANCO 7519 - PINTUCO.pdf,9,6,6,1,1,709,"image,ocr,table,text",1,1,6635
pintuco__fds-32-pintulaca-blanco-7519-pintuco__sec10__chunk01,pintuco__fds-32-pintulaca-blanco-7519-pintuco,Pintuco,PINTULACA BLANCO 7519,FDS 32 - PINTULACA BLANCO 7519 - PINTUCO.pdf,10,6,7,1,1,767,"image,ocr,table,text",5,3,7988
pintuco__fds-32-pintulaca-blanco-7519-pintuco__sec11__chunk01,pintuco__fds-32-pintulaca-blanco-7519-pintuco,Pintuco,PINTULACA BLANCO 7519,FDS 32 - PINTULACA BLANCO 7519 - PINTUCO.pdf,11,7,9,1,5,837,"image,ocr,table,text",7,3,5610
pintuco__fds-32-pintulaca-blanco-7519-pintuco__sec11__chunk02,pintuco__fds-32-pintulaca-blanco-7519-pintuco,Pintuco,PINTULACA BLANCO 7519,FDS 32 - PINTULACA BLANCO 7519 - PINTUCO.pdf,11,7,9,2,5,201,"image,ocr,table,text",7,3,1293
pintuco__fds-32-pintulaca-blanco-7519-pintuco__sec11__chunk03,pintuco__fds-32-pintulaca-blanco-7519-pintuco,Pintuco,PINTULACA BLANCO 7519,FDS 32 - PINTULACA BLANCO 7519 - PINTUCO.pdf,11,7,9,3,5,841,"image,ocr,table,text",7,3,6609
pintuco__fds-32-pintulaca-blanco-7519-pintuco__sec11__chunk04,pintuco__fds-32-pintulaca-blanco-7519-pintuco,Pintuco,PINTULACA BLANCO 7519,FDS 32 - PINTULACA BLANCO 7519 - PINTUCO.pdf,11,7,9,4,5,765,"image,ocr,table,text",7,3,7710
pintuco__fds-32-pintulaca-blanco-7519-pintuco__sec11__chunk05,pintuco__fds-32-pintulaca-blanco-7519-pintuco,Pintuco,PINTULACA BLANCO 7519,FDS 32 - PINTULACA BLANCO 7519 - PINTUCO.pdf,11,7,9,5,5,590,"image,ocr,table,text",7,3,7615
pintuco__fds-32-pintulaca-blanco-7519-pintuco__sec12__chunk01,pintuco__fds-32-pintulaca-blanco-7519-pintuco,Pintuco,PINTULACA BLANCO 7519,FDS 32 - PINTULACA BLANCO 7519 - PINTUCO.pdf,12,9,11,1,5,845,"image,ocr,table,text",11,5,5395
pintuco__fds-32-pintulaca-blanco-7519-pintuco__sec12__chunk02,pintuco__fds-32-pintulaca-blanco-7519-pintuco,Pintuco,PINTULACA BLANCO 7519,FDS 32 - PINTULACA BLANCO 7519 - PINTUCO.pdf,12,9,11,2,5,622,"image,ocr,table,text",11,5,7245
pintuco__fds-32-pintulaca-blanco-7519-pintuco__sec12__chunk03,pintuco__fds-32-pintulaca-blanco-7519-pintuco,Pintuco,PINTULACA BLANCO 7519,FDS 32 - PINTULACA BLANCO 7519 - PINTUCO.pdf,12,9,11,3,5,823,"image,ocr,table,text",11,5,12357
pintuco__fds-32-pintulaca-blanco-7519-pintuco__sec12__chunk04,pintuco__fds-32-pintulaca-blanco-7519-pintuco,Pintuco,PINTULACA BLANCO 7519,FDS 32 - PINTULACA BLANCO 7519 - PINTUCO.pdf,12,9,11,4,5,840,"image,ocr,table,text",11,5,12736
pintuco__fds-32-pintulaca-blanco-7519-pintuco__sec12__chunk05,pintuco__fds-32-pintulaca-blanco-7519-pintuco,Pintuco,PINTULACA BLANCO 7519,FDS 32 - PINTULACA BLANCO 7519 - PINTUCO.pdf,12,9,11,5,5,141,"image,ocr,table,text",11,5,1891
pintuco__fds-32-pintulaca-blanco-7519-pintuco__sec13__chunk01,pintuco__fds-32-pintulaca-blanco-7519-pintuco,Pintuco,PINTULACA BLANCO 7519,FDS 32 - PINTULACA BLANCO 7519 - PINTUCO.pdf,13,11,11,1,1,362,"table,text",1,0,2664
pintuco__fds-32-pintulaca-blanco-7519-pintuco__sec14__chunk01,pintuco__fds-32-pintulaca-blanco-7519-pintuco,Pintuco,PINTULACA BLANCO 7519,FDS 32 - PINTULACA BLANCO 7519 - PINTUCO.pdf,14,11,12,1,1,771,"image,ocr,table,text",2,3,8581
pintuco__fds-32-pintulaca-blanco-7519-pintuco__sec15__chunk01,pintuco__fds-32-pintulaca-blanco-7519-pintuco,Pintuco,PINTULACA BLANCO 7519,FDS 32 - PINTULACA BLANCO 7519 - PINTUCO.pdf,15,12,13,1,2,539,"image,ocr,table,text",3,2,3942
pintuco__fds-32-pintulaca-blanco-7519-pintuco__sec15__chunk02,pintuco__fds-32-pintulaca-blanco-7519-pintuco,Pintuco,PINTULACA BLANCO 7519,FDS 32 - PINTULACA BLANCO 7519 - PINTUCO.pdf,15,12,13,2,2,815,"image,ocr,table,text",3,2,6713
pintuco__fds-32-pintulaca-blanco-7519-pintuco__sec16__chunk01,pintuco__fds-32-pintulaca-blanco-7519-pintuco,Pintuco,PINTULACA BLANCO 7519,FDS 32 - PINTULACA BLANCO 7519 - PINTUCO.pdf,16,13,14,1,3,606,"image,ocr,table,text",4,2,3930
pintuco__fds-32-pintulaca-blanco-7519-pintuco__sec16__chunk02,pintuco__fds-32-pintulaca-blanco-7519-pintuco,Pintuco,PINTULACA BLANCO 7519,FDS 32 - PINTULACA BLANCO 7519 - PINTUCO.pdf,16,13,14,2,3,713,"image,ocr,table,text",4,2,5131
pintuco__fds-32-pintulaca-blanco-7519-pintuco__sec16__chunk03,pintuco__fds-32-pintulaca-blanco-7519-pintuco,Pintuco,PINTULACA BLANCO 7519,FDS 32 - PINTULACA BLANCO 7519 - PINTUCO.pdf,16,13,14,3,3,551,"image,ocr,table,text",4,2,5322
pintuco__fds-33-esmalte-top-quality-azul-medio-1795-pintuco__sec01__chunk01,pintuco__fds-33-esmalte-top-quality-azul-medio-1795-pintuco,Pintuco,ESMALTE TOP QUALITY AZUL MEDIO 1795,FDS 33 - ESMALTE TOP QUALITY AZUL MEDIO 1795 - PINTUCO .pdf,1,1,1,1,1,342,"image,ocr,table,text",1,2,3451
pintuco__fds-33-esmalte-top-quality-azul-medio-1795-pintuco__sec02__chunk01,pintuco__fds-33-esmalte-top-quality-azul-medio-1795-pintuco,Pintuco,ESMALTE TOP QUALITY AZUL MEDIO 1795,FDS 33 - ESMALTE TOP QUALITY AZUL MEDIO 1795 - PINTUCO .pdf,2,1,2,1,3,408,"image,ocr,table,text",1,5,2628
pintuco__fds-33-esmalte-top-quality-azul-medio-1795-pintuco__sec02__chunk02,pintuco__fds-33-esmalte-top-quality-azul-medio-1795-pintuco,Pintuco,ESMALTE TOP QUALITY AZUL MEDIO 1795,FDS 33 - ESMALTE TOP QUALITY AZUL MEDIO 1795 - PINTUCO .pdf,2,1,2,2,3,845,"image,ocr,table,text",1,5,7247
pintuco__fds-33-esmalte-top-quality-azul-medio-1795-pintuco__sec02__chunk03,pintuco__fds-33-esmalte-top-quality-azul-medio-1795-pintuco,Pintuco,ESMALTE TOP QUALITY AZUL MEDIO 1795,FDS 33 - ESMALTE TOP QUALITY AZUL MEDIO 1795 - PINTUCO .pdf,2,1,2,3,3,221,"image,ocr,table,text",1,5,3360
pintuco__fds-33-esmalte-top-quality-azul-medio-1795-pintuco__sec03__chunk01,pintuco__fds-33-esmalte-top-quality-azul-medio-1795-pintuco,Pintuco,ESMALTE TOP QUALITY AZUL MEDIO 1795,FDS 33 - ESMALTE TOP QUALITY AZUL MEDIO 1795 - PINTUCO .pdf,3,2,2,1,1,391,"image,ocr,table,text",2,1,3966
pintuco__fds-33-esmalte-top-quality-azul-medio-1795-pintuco__sec04__chunk01,pintuco__fds-33-esmalte-top-quality-azul-medio-1795-pintuco,Pintuco,ESMALTE TOP QUALITY AZUL MEDIO 1795,FDS 33 - ESMALTE TOP QUALITY AZUL MEDIO 1795 - PINTUCO .pdf,4,2,2,1,2,392,"table,text",1,0,2405
pintuco__fds-33-esmalte-top-quality-azul-medio-1795-pintuco__sec04__chunk02,pintuco__fds-33-esmalte-top-quality-azul-medio-1795-pintuco,Pintuco,ESMALTE TOP QUALITY AZUL MEDIO 1795,FDS 33 - ESMALTE TOP QUALITY AZUL MEDIO 1795 - PINTUCO .pdf,4,2,2,2,2,804,"table,text",1,0,5761
pintuco__fds-33-esmalte-top-quality-azul-medio-1795-pintuco__sec05__chunk01,pintuco__fds-33-esmalte-top-quality-azul-medio-1795-pintuco,Pintuco,ESMALTE TOP QUALITY AZUL MEDIO 1795,FDS 33 - ESMALTE TOP QUALITY AZUL MEDIO 1795 - PINTUCO .pdf,5,2,3,1,1,716,"image,ocr,table,text",2,2,6328
pintuco__fds-33-esmalte-top-quality-azul-medio-1795-pintuco__sec06__chunk01,pintuco__fds-33-esmalte-top-quality-azul-medio-1795-pintuco,Pintuco,ESMALTE TOP QUALITY AZUL MEDIO 1795,FDS 33 - ESMALTE TOP QUALITY AZUL MEDIO 1795 - PINTUCO .pdf,6,3,3,1,1,663,"table,text",1,0,5009
pintuco__fds-33-esmalte-top-quality-azul-medio-1795-pintuco__sec07__chunk01,pintuco__fds-33-esmalte-top-quality-azul-medio-1795-pintuco,Pintuco,ESMALTE TOP QUALITY AZUL MEDIO 1795,FDS 33 - ESMALTE TOP QUALITY AZUL MEDIO 1795 - PINTUCO .pdf,7,3,4,1,3,429,"image,ocr,table,text",2,2,2954
pintuco__fds-33-esmalte-top-quality-azul-medio-1795-pintuco__sec07__chunk02,pintuco__fds-33-esmalte-top-quality-azul-medio-1795-pintuco,Pintuco,ESMALTE TOP QUALITY AZUL MEDIO 1795,FDS 33 - ESMALTE TOP QUALITY AZUL MEDIO 1795 - PINTUCO .pdf,7,3,4,2,3,821,"image,ocr,table,text",2,2,6813
pintuco__fds-33-esmalte-top-quality-azul-medio-1795-pintuco__sec07__chunk03,pintuco__fds-33-esmalte-top-quality-azul-medio-1795-pintuco,Pintuco,ESMALTE TOP QUALITY AZUL MEDIO 1795,FDS 33 - ESMALTE TOP QUALITY AZUL MEDIO 1795 - PINTUCO .pdf,7,3,4,3,3,182,"image,ocr,table,text",2,2,2167
pintuco__fds-33-esmalte-top-quality-azul-medio-1795-pintuco__sec08__chunk01,pintuco__fds-33-esmalte-top-quality-azul-medio-1795-pintuco,Pintuco,ESMALTE TOP QUALITY AZUL MEDIO 1795,FDS 33 - ESMALTE TOP QUALITY AZUL MEDIO 1795 - PINTUCO .pdf,8,4,5,1,4,531,"image,ocr,table,text",7,9,3657
pintuco__fds-33-esmalte-top-quality-azul-medio-1795-pintuco__sec08__chunk02,pintuco__fds-33-esmalte-top-quality-azul-medio-1795-pintuco,Pintuco,ESMALTE TOP QUALITY AZUL MEDIO 1795,FDS 33 - ESMALTE TOP QUALITY AZUL MEDIO 1795 - PINTUCO .pdf,8,4,5,2,4,827,"image,ocr,table,text",7,9,7032
pintuco__fds-33-esmalte-top-quality-azul-medio-1795-pintuco__sec08__chunk03,pintuco__fds-33-esmalte-top-quality-azul-medio-1795-pintuco,Pintuco,ESMALTE TOP QUALITY AZUL MEDIO 1795,FDS 33 - ESMALTE TOP QUALITY AZUL MEDIO 1795 - PINTUCO .pdf,8,4,5,3,4,816,"image,ocr,table,text",7,9,10221
pintuco__fds-33-esmalte-top-quality-azul-medio-1795-pintuco__sec08__chunk04,pintuco__fds-33-esmalte-top-quality-azul-medio-1795-pintuco,Pintuco,ESMALTE TOP QUALITY AZUL MEDIO 1795,FDS 33 - ESMALTE TOP QUALITY AZUL MEDIO 1795 - PINTUCO .pdf,8,4,5,4,4,140,"image,ocr,table,text",7,9,2092
pintuco__fds-33-esmalte-top-quality-azul-medio-1795-pintuco__sec09__chunk01,pintuco__fds-33-esmalte-top-quality-azul-medio-1795-pintuco,Pintuco,ESMALTE TOP QUALITY AZUL MEDIO 1795,FDS 33 - ESMALTE TOP QUALITY AZUL MEDIO 1795 - PINTUCO .pdf,9,5,6,1,2,831,"image,ocr,table,text",2,2,7686
pintuco__fds-33-esmalte-top-quality-azul-medio-1795-pintuco__sec09__chunk02,pintuco__fds-33-esmalte-top-quality-azul-medio-1795-pintuco,Pintuco,ESMALTE TOP QUALITY AZUL MEDIO 1795,FDS 33 - ESMALTE TOP QUALITY AZUL MEDIO 1795 - PINTUCO .pdf,9,5,6,2,2,141,"image,ocr,table,text",2,2,1853
pintuco__fds-33-esmalte-top-quality-azul-medio-1795-pintuco__sec10__chunk01,pintuco__fds-33-esmalte-top-quality-azul-medio-1795-pintuco,Pintuco,ESMALTE TOP QUALITY AZUL MEDIO 1795,FDS 33 - ESMALTE TOP QUALITY AZUL MEDIO 1795 - PINTUCO .pdf,10,6,6,1,1,547,"table,text",3,0,5478
pintuco__fds-33-esmalte-top-quality-azul-medio-1795-pintuco__sec11__chunk01,pintuco__fds-33-esmalte-top-quality-azul-medio-1795-pintuco,Pintuco,ESMALTE TOP QUALITY AZUL MEDIO 1795,FDS 33 - ESMALTE TOP QUALITY AZUL MEDIO 1795 - PINTUCO .pdf,11,6,7,1,3,717,"image,ocr,table,text",2,2,5171
pintuco__fds-33-esmalte-top-quality-azul-medio-1795-pintuco__sec11__chunk02,pintuco__fds-33-esmalte-top-quality-azul-medio-1795-pintuco,Pintuco,ESMALTE TOP QUALITY AZUL MEDIO 1795,FDS 33 - ESMALTE TOP QUALITY AZUL MEDIO 1795 - PINTUCO .pdf,11,6,7,2,3,939,"image,ocr,table,text",2,2,7619
pintuco__fds-33-esmalte-top-quality-azul-medio-1795-pintuco__sec11__chunk03,pintuco__fds-33-esmalte-top-quality-azul-medio-1795-pintuco,Pintuco,ESMALTE TOP QUALITY AZUL MEDIO 1795,FDS 33 - ESMALTE TOP QUALITY AZUL MEDIO 1795 - PINTUCO .pdf,11,6,7,3,3,182,"image,ocr,table,text",2,2,2104
pintuco__fds-33-esmalte-top-quality-azul-medio-1795-pintuco__sec12__chunk01,pintuco__fds-33-esmalte-top-quality-azul-medio-1795-pintuco,Pintuco,ESMALTE TOP QUALITY AZUL MEDIO 1795,FDS 33 - ESMALTE TOP QUALITY AZUL MEDIO 1795 - PINTUCO .pdf,12,7,8,1,1,620,"image,ocr,table,text",4,2,6730
pintuco__fds-33-esmalte-top-quality-azul-medio-1795-pintuco__sec13__chunk01,pintuco__fds-33-esmalte-top-quality-azul-medio-1795-pintuco,Pintuco,ESMALTE TOP QUALITY AZUL MEDIO 1795,FDS 33 - ESMALTE TOP QUALITY AZUL MEDIO 1795 - PINTUCO .pdf,13,8,8,1,1,367,"table,text",1,0,2707
pintuco__fds-33-esmalte-top-quality-azul-medio-1795-pintuco__sec14__chunk01,pintuco__fds-33-esmalte-top-quality-azul-medio-1795-pintuco,Pintuco,ESMALTE TOP QUALITY AZUL MEDIO 1795,FDS 33 - ESMALTE TOP QUALITY AZUL MEDIO 1795 - PINTUCO .pdf,14,8,9,1,2,814,"image,ocr,table,text",2,6,9699
pintuco__fds-33-esmalte-top-quality-azul-medio-1795-pintuco__sec14__chunk02,pintuco__fds-33-esmalte-top-quality-azul-medio-1795-pintuco,Pintuco,ESMALTE TOP QUALITY AZUL MEDIO 1795,FDS 33 - ESMALTE TOP QUALITY AZUL MEDIO 1795 - PINTUCO .pdf,14,8,9,2,2,140,"image,ocr,table,text",2,6,2078
pintuco__fds-33-esmalte-top-quality-azul-medio-1795-pintuco__sec15__chunk01,pintuco__fds-33-esmalte-top-quality-azul-medio-1795-pintuco,Pintuco,ESMALTE TOP QUALITY AZUL MEDIO 1795,FDS 33 - ESMALTE TOP QUALITY AZUL MEDIO 1795 - PINTUCO .pdf,15,9,10,1,2,592,"image,ocr,table,text",2,2,4246
pintuco__fds-33-esmalte-top-quality-azul-medio-1795-pintuco__sec15__chunk02,pintuco__fds-33-esmalte-top-quality-azul-medio-1795-pintuco,Pintuco,ESMALTE TOP QUALITY AZUL MEDIO 1795,FDS 33 - ESMALTE TOP QUALITY AZUL MEDIO 1795 - PINTUCO .pdf,15,9,10,2,2,691,"image,ocr,table,text",2,2,5911
pintuco__fds-33-esmalte-top-quality-azul-medio-1795-pintuco__sec16__chunk01,pintuco__fds-33-esmalte-top-quality-azul-medio-1795-pintuco,Pintuco,ESMALTE TOP QUALITY AZUL MEDIO 1795,FDS 33 - ESMALTE TOP QUALITY AZUL MEDIO 1795 - PINTUCO .pdf,16,10,11,1,3,580,"image,ocr,table,text",2,2,3847
pintuco__fds-33-esmalte-top-quality-azul-medio-1795-pintuco__sec16__chunk02,pintuco__fds-33-esmalte-top-quality-azul-medio-1795-pintuco,Pintuco,ESMALTE TOP QUALITY AZUL MEDIO 1795,FDS 33 - ESMALTE TOP QUALITY AZUL MEDIO 1795 - PINTUCO .pdf,16,10,11,2,3,844,"image,ocr,table,text",2,2,7211
pintuco__fds-33-esmalte-top-quality-azul-medio-1795-pintuco__sec16__chunk03,pintuco__fds-33-esmalte-top-quality-azul-medio-1795-pintuco,Pintuco,ESMALTE TOP QUALITY AZUL MEDIO 1795,FDS 33 - ESMALTE TOP QUALITY AZUL MEDIO 1795 - PINTUCO .pdf,16,10,11,3,3,141,"image,ocr,table,text",2,2,1807
pintuco__fds-34-pintulaca-rojo-claro-7587-pintuco__sec01__chunk01,pintuco__fds-34-pintulaca-rojo-claro-7587-pintuco,Pintuco,PINTULACA ROJO CLARO 7587,FDS 34 - PINTULACA ROJO CLARO 7587 - PINTUCO .pdf,1,1,1,1,1,348,"image,ocr,table,text",1,2,3451
pintuco__fds-34-pintulaca-rojo-claro-7587-pintuco__sec02__chunk01,pintuco__fds-34-pintulaca-rojo-claro-7587-pintuco,Pintuco,PINTULACA ROJO CLARO 7587,FDS 34 - PINTULACA ROJO CLARO 7587 - PINTUCO .pdf,2,1,1,1,3,368,"image,ocr,table,text",1,4,2370
pintuco__fds-34-pintulaca-rojo-claro-7587-pintuco__sec02__chunk02,pintuco__fds-34-pintulaca-rojo-claro-7587-pintuco,Pintuco,PINTULACA ROJO CLARO 7587,FDS 34 - PINTULACA ROJO CLARO 7587 - PINTUCO .pdf,2,1,1,2,3,839,"image,ocr,table,text",1,4,7012
pintuco__fds-34-pintulaca-rojo-claro-7587-pintuco__sec02__chunk03,pintuco__fds-34-pintulaca-rojo-claro-7587-pintuco,Pintuco,PINTULACA ROJO CLARO 7587,FDS 34 - PINTULACA ROJO CLARO 7587 - PINTUCO .pdf,2,1,1,3,3,180,"image,ocr,table,text",1,4,2565
pintuco__fds-34-pintulaca-rojo-claro-7587-pintuco__sec03__chunk01,pintuco__fds-34-pintulaca-rojo-claro-7587-pintuco,Pintuco,PINTULACA ROJO CLARO 7587,FDS 34 - PINTULACA ROJO CLARO 7587 - PINTUCO .pdf,3,1,2,1,1,791,"image,ocr,table,text",4,2,7949
pintuco__fds-34-pintulaca-rojo-claro-7587-pintuco__sec04__chunk01,pintuco__fds-34-pintulaca-rojo-claro-7587-pintuco,Pintuco,PINTULACA ROJO CLARO 7587,FDS 34 - PINTULACA ROJO CLARO 7587 - PINTUCO .pdf,4,2,3,1,3,388,"image,ocr,table,text",2,2,2431
pintuco__fds-34-pintulaca-rojo-claro-7587-pintuco__sec04__chunk02,pintuco__fds-34-pintulaca-rojo-claro-7587-pintuco,Pintuco,PINTULACA ROJO CLARO 7587,FDS 34 - PINTULACA ROJO CLARO 7587 - PINTUCO .pdf,4,2,3,2,3,653,"image,ocr,table,text",2,2,4862
pintuco__fds-34-pintulaca-rojo-claro-7587-pintuco__sec04__chunk03,pintuco__fds-34-pintulaca-rojo-claro-7587-pintuco,Pintuco,PINTULACA ROJO CLARO 7587,FDS 34 - PINTULACA ROJO CLARO 7587 - PINTUCO .pdf,4,2,3,3,3,511,"image,ocr,table,text",2,2,4247
pintuco__fds-34-pintulaca-rojo-claro-7587-pintuco__sec05__chunk01,pintuco__fds-34-pintulaca-rojo-claro-7587-pintuco,Pintuco,PINTULACA ROJO CLARO 7587,FDS 34 - PINTULACA ROJO CLARO 7587 - PINTUCO .pdf,5,3,3,1,1,557,"table,text",1,0,4457
pintuco__fds-34-pintulaca-rojo-claro-7587-pintuco__sec06__chunk01,pintuco__fds-34-pintulaca-rojo-claro-7587-pintuco,Pintuco,PINTULACA ROJO CLARO 7587,FDS 34 - PINTULACA ROJO CLARO 7587 - PINTUCO .pdf,6,3,3,1,1,656,"table,text",1,0,4974
pintuco__fds-34-pintulaca-rojo-claro-7587-pintuco__sec07__chunk01,pintuco__fds-34-pintulaca-rojo-claro-7587-pintuco,Pintuco,PINTULACA ROJO CLARO 7587,FDS 34 - PINTULACA ROJO CLARO 7587 - PINTUCO .pdf,7,3,4,1,3,548,"image,ocr,table,text",3,1,4133
pintuco__fds-34-pintulaca-rojo-claro-7587-pintuco__sec07__chunk02,pintuco__fds-34-pintulaca-rojo-claro-7587-pintuco,Pintuco,PINTULACA ROJO CLARO 7587,FDS 34 - PINTULACA ROJO CLARO 7587 - PINTUCO .pdf,7,3,4,2,3,848,"image,ocr,table,text",3,1,7106
pintuco__fds-34-pintulaca-rojo-claro-7587-pintuco__sec07__chunk03,pintuco__fds-34-pintulaca-rojo-claro-7587-pintuco,Pintuco,PINTULACA ROJO CLARO 7587,FDS 34 - PINTULACA ROJO CLARO 7587 - PINTUCO .pdf,7,3,4,3,3,141,"image,ocr,table,text",3,1,1504
pintuco__fds-34-pintulaca-rojo-claro-7587-pintuco__sec08__chunk01,pintuco__fds-34-pintulaca-rojo-claro-7587-pintuco,Pintuco,PINTULACA ROJO CLARO 7587,FDS 34 - PINTULACA ROJO CLARO 7587 - PINTUCO .pdf,8,4,6,1,5,807,"image,ocr,table,text",12,11,6895
pintuco__fds-34-pintulaca-rojo-claro-7587-pintuco__sec08__chunk02,pintuco__fds-34-pintulaca-rojo-claro-7587-pintuco,Pintuco,PINTULACA ROJO CLARO 7587,FDS 34 - PINTULACA ROJO CLARO 7587 - PINTUCO .pdf,8,4,6,2,5,227,"image,ocr,table,text",12,11,3524
pintuco__fds-34-pintulaca-rojo-claro-7587-pintuco__sec08__chunk03,pintuco__fds-34-pintulaca-rojo-claro-7587-pintuco,Pintuco,PINTULACA ROJO CLARO 7587,FDS 34 - PINTULACA ROJO CLARO 7587 - PINTUCO .pdf,8,4,6,3,5,827,"image,ocr,table,text",12,11,7711
pintuco__fds-34-pintulaca-rojo-claro-7587-pintuco__sec08__chunk04,pintuco__fds-34-pintulaca-rojo-claro-7587-pintuco,Pintuco,PINTULACA ROJO CLARO 7587,FDS 34 - PINTULACA ROJO CLARO 7587 - PINTUCO .pdf,8,4,6,4,5,835,"image,ocr,table,text",12,11,9434
pintuco__fds-34-pintulaca-rojo-claro-7587-pintuco__sec08__chunk05,pintuco__fds-34-pintulaca-rojo-claro-7587-pintuco,Pintuco,PINTULACA ROJO CLARO 7587,FDS 34 - PINTULACA ROJO CLARO 7587 - PINTUCO .pdf,8,4,6,5,5,302,"image,ocr,table,text",12,11,4313
pintuco__fds-34-pintulaca-rojo-claro-7587-pintuco__sec09__chunk01,pintuco__fds-34-pintulaca-rojo-claro-7587-pintuco,Pintuco,PINTULACA ROJO CLARO 7587,FDS 34 - PINTULACA ROJO CLARO 7587 - PINTUCO .pdf,9,6,7,1,2,330,"image,ocr,table,text",2,1,2184
pintuco__fds-34-pintulaca-rojo-claro-7587-pintuco__sec09__chunk02,pintuco__fds-34-pintulaca-rojo-claro-7587-pintuco,Pintuco,PINTULACA ROJO CLARO 7587,FDS 34 - PINTULACA ROJO CLARO 7587 - PINTUCO .pdf,9,6,7,2,2,801,"image,ocr,table,text",2,1,8184
pintuco__fds-34-pintulaca-rojo-claro-7587-pintuco__sec10__chunk01,pintuco__fds-34-pintulaca-rojo-claro-7587-pintuco,Pintuco,PINTULACA ROJO CLARO 7587,FDS 34 - PINTULACA ROJO CLARO 7587 - PINTUCO .pdf,10,7,7,1,1,626,"image,ocr,table,text",3,2,6581
pintuco__fds-34-pintulaca-rojo-claro-7587-pintuco__sec11__chunk01,pintuco__fds-34-pintulaca-rojo-claro-7587-pintuco,Pintuco,PINTULACA ROJO CLARO 7587,FDS 34 - PINTULACA ROJO CLARO 7587 - PINTUCO .pdf,11,7,9,1,4,843,"image,ocr,table,text",7,4,5624
pintuco__fds-34-pintulaca-rojo-claro-7587-pintuco__sec11__chunk02,pintuco__fds-34-pintulaca-rojo-claro-7587-pintuco,Pintuco,PINTULACA ROJO CLARO 7587,FDS 34 - PINTULACA ROJO CLARO 7587 - PINTUCO .pdf,11,7,9,2,4,654,"image,ocr,table,text",7,4,5036
pintuco__fds-34-pintulaca-rojo-claro-7587-pintuco__sec11__chunk03,pintuco__fds-34-pintulaca-rojo-claro-7587-pintuco,Pintuco,PINTULACA ROJO CLARO 7587,FDS 34 - PINTULACA ROJO CLARO 7587 - PINTUCO .pdf,11,7,9,3,4,911,"image,ocr,table,text",7,4,8182
pintuco__fds-34-pintulaca-rojo-claro-7587-pintuco__sec11__chunk04,pintuco__fds-34-pintulaca-rojo-claro-7587-pintuco,Pintuco,PINTULACA ROJO CLARO 7587,FDS 34 - PINTULACA ROJO CLARO 7587 - PINTUCO .pdf,11,7,9,4,4,791,"image,ocr,table,text",7,4,10482
pintuco__fds-34-pintulaca-rojo-claro-7587-pintuco__sec12__chunk01,pintuco__fds-34-pintulaca-rojo-claro-7587-pintuco,Pintuco,PINTULACA ROJO CLARO 7587,FDS 34 - PINTULACA ROJO CLARO 7587 - PINTUCO .pdf,12,9,12,1,5,850,"image,ocr,table,text",13,6,5308
pintuco__fds-34-pintulaca-rojo-claro-7587-pintuco__sec12__chunk02,pintuco__fds-34-pintulaca-rojo-claro-7587-pintuco,Pintuco,PINTULACA ROJO CLARO 7587,FDS 34 - PINTULACA ROJO CLARO 7587 - PINTUCO .pdf,12,9,12,2,5,696,"image,ocr,table,text",13,6,6406
pintuco__fds-34-pintulaca-rojo-claro-7587-pintuco__sec12__chunk03,pintuco__fds-34-pintulaca-rojo-claro-7587-pintuco,Pintuco,PINTULACA ROJO CLARO 7587,FDS 34 - PINTULACA ROJO CLARO 7587 - PINTUCO .pdf,12,9,12,3,5,841,"image,ocr,table,text",13,6,12438
pintuco__fds-34-pintulaca-rojo-claro-7587-pintuco__sec12__chunk04,pintuco__fds-34-pintulaca-rojo-claro-7587-pintuco,Pintuco,PINTULACA ROJO CLARO 7587,FDS 34 - PINTULACA ROJO CLARO 7587 - PINTUCO .pdf,12,9,12,4,5,790,"image,ocr,table,text",13,6,12073
pintuco__fds-34-pintulaca-rojo-claro-7587-pintuco__sec12__chunk05,pintuco__fds-34-pintulaca-rojo-claro-7587-pintuco,Pintuco,PINTULACA ROJO CLARO 7587,FDS 34 - PINTULACA ROJO CLARO 7587 - PINTUCO .pdf,12,9,12,5,5,649,"image,ocr,table,text",13,6,9889
pintuco__fds-34-pintulaca-rojo-claro-7587-pintuco__sec13__chunk01,pintuco__fds-34-pintulaca-rojo-claro-7587-pintuco,Pintuco,PINTULACA ROJO CLARO 7587,FDS 34 - PINTULACA ROJO CLARO 7587 - PINTUCO .pdf,13,12,12,1,1,364,"table,text",1,0,2677
pintuco__fds-34-pintulaca-rojo-claro-7587-pintuco__sec14__chunk01,pintuco__fds-34-pintulaca-rojo-claro-7587-pintuco,Pintuco,PINTULACA ROJO CLARO 7587,FDS 34 - PINTULACA ROJO CLARO 7587 - PINTUCO .pdf,14,12,13,1,1,847,"image,ocr,table,text",3,5,9802
pintuco__fds-34-pintulaca-rojo-claro-7587-pintuco__sec15__chunk01,pintuco__fds-34-pintulaca-rojo-claro-7587-pintuco,Pintuco,PINTULACA ROJO CLARO 7587,FDS 34 - PINTULACA ROJO CLARO 7587 - PINTUCO .pdf,15,13,14,1,2,644,"image,ocr,table,text",3,2,4692
pintuco__fds-34-pintulaca-rojo-claro-7587-pintuco__sec15__chunk02,pintuco__fds-34-pintulaca-rojo-claro-7587-pintuco,Pintuco,PINTULACA ROJO CLARO 7587,FDS 34 - PINTULACA ROJO CLARO 7587 - PINTUCO .pdf,15,13,14,2,2,693,"image,ocr,table,text",3,2,5929
pintuco__fds-34-pintulaca-rojo-claro-7587-pintuco__sec16__chunk01,pintuco__fds-34-pintulaca-rojo-claro-7587-pintuco,Pintuco,PINTULACA ROJO CLARO 7587,FDS 34 - PINTULACA ROJO CLARO 7587 - PINTUCO .pdf,16,14,15,1,3,657,"image,ocr,table,text",4,2,4240
pintuco__fds-34-pintulaca-rojo-claro-7587-pintuco__sec16__chunk02,pintuco__fds-34-pintulaca-rojo-claro-7587-pintuco,Pintuco,PINTULACA ROJO CLARO 7587,FDS 34 - PINTULACA ROJO CLARO 7587 - PINTUCO .pdf,16,14,15,2,3,797,"image,ocr,table,text",4,2,5809
pintuco__fds-34-pintulaca-rojo-claro-7587-pintuco__sec16__chunk03,pintuco__fds-34-pintulaca-rojo-claro-7587-pintuco,Pintuco,PINTULACA ROJO CLARO 7587,FDS 34 - PINTULACA ROJO CLARO 7587 - PINTUCO .pdf,16,14,15,3,3,551,"image,ocr,table,text",4,2,5382
pintuco__fds-35-esmalte-top-quality-negro-1772-pintuco__sec01__chunk01,pintuco__fds-35-esmalte-top-quality-negro-1772-pintuco,Pintuco,ESMALTE TOP QUALITY NEGRO 1772,FDS 35- ESMALTE TOP QUALITY NEGRO 1772 - PINTUCO .pdf,1,1,1,1,1,336,"image,ocr,table,text",1,2,3379
pintuco__fds-35-esmalte-top-quality-negro-1772-pintuco__sec02__chunk01,pintuco__fds-35-esmalte-top-quality-negro-1772-pintuco,Pintuco,ESMALTE TOP QUALITY NEGRO 1772,FDS 35- ESMALTE TOP QUALITY NEGRO 1772 - PINTUCO .pdf,2,1,1,1,3,355,"image,ocr,table,text",1,4,2294
pintuco__fds-35-esmalte-top-quality-negro-1772-pintuco__sec02__chunk02,pintuco__fds-35-esmalte-top-quality-negro-1772-pintuco,Pintuco,ESMALTE TOP QUALITY NEGRO 1772,FDS 35- ESMALTE TOP QUALITY NEGRO 1772 - PINTUCO .pdf,2,1,1,2,3,817,"image,ocr,table,text",1,4,6906
pintuco__fds-35-esmalte-top-quality-negro-1772-pintuco__sec02__chunk03,pintuco__fds-35-esmalte-top-quality-negro-1772-pintuco,Pintuco,ESMALTE TOP QUALITY NEGRO 1772,FDS 35- ESMALTE TOP QUALITY NEGRO 1772 - PINTUCO .pdf,2,1,1,3,3,180,"image,ocr,table,text",1,4,2650
pintuco__fds-35-esmalte-top-quality-negro-1772-pintuco__sec03__chunk01,pintuco__fds-35-esmalte-top-quality-negro-1772-pintuco,Pintuco,ESMALTE TOP QUALITY NEGRO 1772,FDS 35- ESMALTE TOP QUALITY NEGRO 1772 - PINTUCO .pdf,3,1,2,1,1,532,"image,ocr,table,text",3,2,5320
pintuco__fds-35-esmalte-top-quality-negro-1772-pintuco__sec04__chunk01,pintuco__fds-35-esmalte-top-quality-negro-1772-pintuco,Pintuco,ESMALTE TOP QUALITY NEGRO 1772,FDS 35- ESMALTE TOP QUALITY NEGRO 1772 - PINTUCO .pdf,4,2,2,1,2,382,"table,text",1,0,2391
pintuco__fds-35-esmalte-top-quality-negro-1772-pintuco__sec04__chunk02,pintuco__fds-35-esmalte-top-quality-negro-1772-pintuco,Pintuco,ESMALTE TOP QUALITY NEGRO 1772,FDS 35- ESMALTE TOP QUALITY NEGRO 1772 - PINTUCO .pdf,4,2,2,2,2,804,"table,text",1,0,5758
pintuco__fds-35-esmalte-top-quality-negro-1772-pintuco__sec05__chunk01,pintuco__fds-35-esmalte-top-quality-negro-1772-pintuco,Pintuco,ESMALTE TOP QUALITY NEGRO 1772,FDS 35- ESMALTE TOP QUALITY NEGRO 1772 - PINTUCO .pdf,5,2,3,1,1,710,"image,ocr,table,text",2,2,6257
pintuco__fds-35-esmalte-top-quality-negro-1772-pintuco__sec06__chunk01,pintuco__fds-35-esmalte-top-quality-negro-1772-pintuco,Pintuco,ESMALTE TOP QUALITY NEGRO 1772,FDS 35- ESMALTE TOP QUALITY NEGRO 1772 - PINTUCO .pdf,6,3,3,1,1,656,"table,text",1,0,4988
pintuco__fds-35-esmalte-top-quality-negro-1772-pintuco__sec07__chunk01,pintuco__fds-35-esmalte-top-quality-negro-1772-pintuco,Pintuco,ESMALTE TOP QUALITY NEGRO 1772,FDS 35- ESMALTE TOP QUALITY NEGRO 1772 - PINTUCO .pdf,7,3,4,1,3,417,"image,ocr,table,text",2,2,2939
pintuco__fds-35-esmalte-top-quality-negro-1772-pintuco__sec07__chunk02,pintuco__fds-35-esmalte-top-quality-negro-1772-pintuco,Pintuco,ESMALTE TOP QUALITY NEGRO 1772,FDS 35- ESMALTE TOP QUALITY NEGRO 1772 - PINTUCO .pdf,7,3,4,2,3,819,"image,ocr,table,text",2,2,6808
pintuco__fds-35-esmalte-top-quality-negro-1772-pintuco__sec07__chunk03,pintuco__fds-35-esmalte-top-quality-negro-1772-pintuco,Pintuco,ESMALTE TOP QUALITY NEGRO 1772,FDS 35- ESMALTE TOP QUALITY NEGRO 1772 - PINTUCO .pdf,7,3,4,3,3,182,"image,ocr,table,text",2,2,2125
pintuco__fds-35-esmalte-top-quality-negro-1772-pintuco__sec08__chunk01,pintuco__fds-35-esmalte-top-quality-negro-1772-pintuco,Pintuco,ESMALTE TOP QUALITY NEGRO 1772,FDS 35- ESMALTE TOP QUALITY NEGRO 1772 - PINTUCO .pdf,8,4,5,1,4,557,"image,ocr,table,text",8,9,3824
pintuco__fds-35-esmalte-top-quality-negro-1772-pintuco__sec08__chunk02,pintuco__fds-35-esmalte-top-quality-negro-1772-pintuco,Pintuco,ESMALTE TOP QUALITY NEGRO 1772,FDS 35- ESMALTE TOP QUALITY NEGRO 1772 - PINTUCO .pdf,8,4,5,2,4,813,"image,ocr,table,text",8,9,6929
pintuco__fds-35-esmalte-top-quality-negro-1772-pintuco__sec08__chunk03,pintuco__fds-35-esmalte-top-quality-negro-1772-pintuco,Pintuco,ESMALTE TOP QUALITY NEGRO 1772,FDS 35- ESMALTE TOP QUALITY NEGRO 1772 - PINTUCO .pdf,8,4,5,3,4,820,"image,ocr,table,text",8,9,9306
pintuco__fds-35-esmalte-top-quality-negro-1772-pintuco__sec08__chunk04,pintuco__fds-35-esmalte-top-quality-negro-1772-pintuco,Pintuco,ESMALTE TOP QUALITY NEGRO 1772,FDS 35- ESMALTE TOP QUALITY NEGRO 1772 - PINTUCO .pdf,8,4,5,4,4,260,"image,ocr,table,text",8,9,3842
pintuco__fds-35-esmalte-top-quality-negro-1772-pintuco__sec09__chunk01,pintuco__fds-35-esmalte-top-quality-negro-1772-pintuco,Pintuco,ESMALTE TOP QUALITY NEGRO 1772,FDS 35- ESMALTE TOP QUALITY NEGRO 1772 - PINTUCO .pdf,9,5,6,1,2,831,"image,ocr,table,text",2,2,7654
pintuco__fds-35-esmalte-top-quality-negro-1772-pintuco__sec09__chunk02,pintuco__fds-35-esmalte-top-quality-negro-1772-pintuco,Pintuco,ESMALTE TOP QUALITY NEGRO 1772,FDS 35- ESMALTE TOP QUALITY NEGRO 1772 - PINTUCO .pdf,9,5,6,2,2,141,"image,ocr,table,text",2,2,1808
pintuco__fds-35-esmalte-top-quality-negro-1772-pintuco__sec10__chunk01,pintuco__fds-35-esmalte-top-quality-negro-1772-pintuco,Pintuco,ESMALTE TOP QUALITY NEGRO 1772,FDS 35- ESMALTE TOP QUALITY NEGRO 1772 - PINTUCO .pdf,10,6,6,1,1,544,"table,text",3,0,5441
pintuco__fds-35-esmalte-top-quality-negro-1772-pintuco__sec11__chunk01,pintuco__fds-35-esmalte-top-quality-negro-1772-pintuco,Pintuco,ESMALTE TOP QUALITY NEGRO 1772,FDS 35- ESMALTE TOP QUALITY NEGRO 1772 - PINTUCO .pdf,11,6,7,1,4,823,"image,ocr,table,text",2,2,5885
pintuco__fds-35-esmalte-top-quality-negro-1772-pintuco__sec11__chunk02,pintuco__fds-35-esmalte-top-quality-negro-1772-pintuco,Pintuco,ESMALTE TOP QUALITY NEGRO 1772,FDS 35- ESMALTE TOP QUALITY NEGRO 1772 - PINTUCO .pdf,11,6,7,2,4,850,"image,ocr,table,text",2,2,6616
pintuco__fds-35-esmalte-top-quality-negro-1772-pintuco__sec11__chunk03,pintuco__fds-35-esmalte-top-quality-negro-1772-pintuco,Pintuco,ESMALTE TOP QUALITY NEGRO 1772,FDS 35- ESMALTE TOP QUALITY NEGRO 1772 - PINTUCO .pdf,11,6,7,3,4,309,"image,ocr,table,text",2,2,2454
pintuco__fds-35-esmalte-top-quality-negro-1772-pintuco__sec11__chunk04,pintuco__fds-35-esmalte-top-quality-negro-1772-pintuco,Pintuco,ESMALTE TOP QUALITY NEGRO 1772,FDS 35- ESMALTE TOP QUALITY NEGRO 1772 - PINTUCO .pdf,11,6,7,4,4,82,"image,ocr,table,text",2,2,1211
pintuco__fds-35-esmalte-top-quality-negro-1772-pintuco__sec12__chunk01,pintuco__fds-35-esmalte-top-quality-negro-1772-pintuco,Pintuco,ESMALTE TOP QUALITY NEGRO 1772,FDS 35- ESMALTE TOP QUALITY NEGRO 1772 - PINTUCO .pdf,12,7,8,1,1,721,"image,ocr,table,text",5,2,7864
pintuco__fds-35-esmalte-top-quality-negro-1772-pintuco__sec13__chunk01,pintuco__fds-35-esmalte-top-quality-negro-1772-pintuco,Pintuco,ESMALTE TOP QUALITY NEGRO 1772,FDS 35- ESMALTE TOP QUALITY NEGRO 1772 - PINTUCO .pdf,13,8,8,1,1,364,"table,text",1,0,2690
pintuco__fds-35-esmalte-top-quality-negro-1772-pintuco__sec14__chunk01,pintuco__fds-35-esmalte-top-quality-negro-1772-pintuco,Pintuco,ESMALTE TOP QUALITY NEGRO 1772,FDS 35- ESMALTE TOP QUALITY NEGRO 1772 - PINTUCO .pdf,14,8,9,1,2,812,"image,ocr,table,text",2,6,9573
pintuco__fds-35-esmalte-top-quality-negro-1772-pintuco__sec14__chunk02,pintuco__fds-35-esmalte-top-quality-negro-1772-pintuco,Pintuco,ESMALTE TOP QUALITY NEGRO 1772,FDS 35- ESMALTE TOP QUALITY NEGRO 1772 - PINTUCO .pdf,14,8,9,2,2,140,"image,ocr,table,text",2,6,2018
pintuco__fds-35-esmalte-top-quality-negro-1772-pintuco__sec15__chunk01,pintuco__fds-35-esmalte-top-quality-negro-1772-pintuco,Pintuco,ESMALTE TOP QUALITY NEGRO 1772,FDS 35- ESMALTE TOP QUALITY NEGRO 1772 - PINTUCO .pdf,15,9,10,1,2,584,"image,ocr,table,text",2,2,4223
pintuco__fds-35-esmalte-top-quality-negro-1772-pintuco__sec15__chunk02,pintuco__fds-35-esmalte-top-quality-negro-1772-pintuco,Pintuco,ESMALTE TOP QUALITY NEGRO 1772,FDS 35- ESMALTE TOP QUALITY NEGRO 1772 - PINTUCO .pdf,15,9,10,2,2,691,"image,ocr,table,text",2,2,5854
pintuco__fds-35-esmalte-top-quality-negro-1772-pintuco__sec16__chunk01,pintuco__fds-35-esmalte-top-quality-negro-1772-pintuco,Pintuco,ESMALTE TOP QUALITY NEGRO 1772,FDS 35- ESMALTE TOP QUALITY NEGRO 1772 - PINTUCO .pdf,16,10,11,1,3,575,"image,ocr,table,text",2,2,3841
pintuco__fds-35-esmalte-top-quality-negro-1772-pintuco__sec16__chunk02,pintuco__fds-35-esmalte-top-quality-negro-1772-pintuco,Pintuco,ESMALTE TOP QUALITY NEGRO 1772,FDS 35- ESMALTE TOP QUALITY NEGRO 1772 - PINTUCO .pdf,16,10,11,2,3,844,"image,ocr,table,text",2,2,7170
pintuco__fds-35-esmalte-top-quality-negro-1772-pintuco__sec16__chunk03,pintuco__fds-35-esmalte-top-quality-negro-1772-pintuco,Pintuco,ESMALTE TOP QUALITY NEGRO 1772,FDS 35- ESMALTE TOP QUALITY NEGRO 1772 - PINTUCO .pdf,16,10,11,3,3,141,"image,ocr,table,text",2,2,1762
pintuco__fds-37-esmalte-pintulux-aluminio-pintuco__sec01__chunk01,pintuco__fds-37-esmalte-pintulux-aluminio-pintuco,Pintuco,ESMALTE PINTULUX ALUMINIO,FDS 37 - ESMALTE PINTULUX ALUMINIO - PINTUCO .pdf,1,1,1,1,1,352,"image,ocr,table,text",1,2,3500
pintuco__fds-37-esmalte-pintulux-aluminio-pintuco__sec02__chunk01,pintuco__fds-37-esmalte-pintulux-aluminio-pintuco,Pintuco,ESMALTE PINTULUX ALUMINIO,FDS 37 - ESMALTE PINTULUX ALUMINIO - PINTUCO .pdf,2,1,1,1,3,354,"image,ocr,table,text",1,4,2290
pintuco__fds-37-esmalte-pintulux-aluminio-pintuco__sec02__chunk02,pintuco__fds-37-esmalte-pintulux-aluminio-pintuco,Pintuco,ESMALTE PINTULUX ALUMINIO,FDS 37 - ESMALTE PINTULUX ALUMINIO - PINTUCO .pdf,2,1,1,2,3,817,"image,ocr,table,text",1,4,6856
pintuco__fds-37-esmalte-pintulux-aluminio-pintuco__sec02__chunk03,pintuco__fds-37-esmalte-pintulux-aluminio-pintuco,Pintuco,ESMALTE PINTULUX ALUMINIO,FDS 37 - ESMALTE PINTULUX ALUMINIO - PINTUCO .pdf,2,1,1,3,3,180,"image,ocr,table,text",1,4,2565
pintuco__fds-37-esmalte-pintulux-aluminio-pintuco__sec03__chunk01,pintuco__fds-37-esmalte-pintulux-aluminio-pintuco,Pintuco,ESMALTE PINTULUX ALUMINIO,FDS 37 - ESMALTE PINTULUX ALUMINIO - PINTUCO .pdf,3,1,2,1,1,628,"image,ocr,table,text",4,2,6452
pintuco__fds-37-esmalte-pintulux-aluminio-pintuco__sec04__chunk01,pintuco__fds-37-esmalte-pintulux-aluminio-pintuco,Pintuco,ESMALTE PINTULUX ALUMINIO,FDS 37 - ESMALTE PINTULUX ALUMINIO - PINTUCO .pdf,4,2,2,1,2,382,"table,text",1,0,2388
pintuco__fds-37-esmalte-pintulux-aluminio-pintuco__sec04__chunk02,pintuco__fds-37-esmalte-pintulux-aluminio-pintuco,Pintuco,ESMALTE PINTULUX ALUMINIO,FDS 37 - ESMALTE PINTULUX ALUMINIO - PINTUCO .pdf,4,2,2,2,2,806,"table,text",1,0,5750
pintuco__fds-37-esmalte-pintulux-aluminio-pintuco__sec05__chunk01,pintuco__fds-37-esmalte-pintulux-aluminio-pintuco,Pintuco,ESMALTE PINTULUX ALUMINIO,FDS 37 - ESMALTE PINTULUX ALUMINIO - PINTUCO .pdf,5,2,3,1,1,776,"image,ocr,table,text",2,2,6789
pintuco__fds-37-esmalte-pintulux-aluminio-pintuco__sec06__chunk01,pintuco__fds-37-esmalte-pintulux-aluminio-pintuco,Pintuco,ESMALTE PINTULUX ALUMINIO,FDS 37 - ESMALTE PINTULUX ALUMINIO - PINTUCO .pdf,6,3,3,1,1,655,"table,text",1,0,4974
pintuco__fds-37-esmalte-pintulux-aluminio-pintuco__sec07__chunk01,pintuco__fds-37-esmalte-pintulux-aluminio-pintuco,Pintuco,ESMALTE PINTULUX ALUMINIO,FDS 37 - ESMALTE PINTULUX ALUMINIO - PINTUCO .pdf,7,3,4,1,3,416,"image,ocr,table,text",2,2,2951
pintuco__fds-37-esmalte-pintulux-aluminio-pintuco__sec07__chunk02,pintuco__fds-37-esmalte-pintulux-aluminio-pintuco,Pintuco,ESMALTE PINTULUX ALUMINIO,FDS 37 - ESMALTE PINTULUX ALUMINIO - PINTUCO .pdf,7,3,4,2,3,819,"image,ocr,table,text",2,2,6845
pintuco__fds-37-esmalte-pintulux-aluminio-pintuco__sec07__chunk03,pintuco__fds-37-esmalte-pintulux-aluminio-pintuco,Pintuco,ESMALTE PINTULUX ALUMINIO,FDS 37 - ESMALTE PINTULUX ALUMINIO - PINTUCO .pdf,7,3,4,3,3,181,"image,ocr,table,text",2,2,2169
pintuco__fds-37-esmalte-pintulux-aluminio-pintuco__sec08__chunk01,pintuco__fds-37-esmalte-pintulux-aluminio-pintuco,Pintuco,ESMALTE PINTULUX ALUMINIO,FDS 37 - ESMALTE PINTULUX ALUMINIO - PINTUCO .pdf,8,4,5,1,4,567,"image,ocr,table,text",9,9,3997
pintuco__fds-37-esmalte-pintulux-aluminio-pintuco__sec08__chunk02,pintuco__fds-37-esmalte-pintulux-aluminio-pintuco,Pintuco,ESMALTE PINTULUX ALUMINIO,FDS 37 - ESMALTE PINTULUX ALUMINIO - PINTUCO .pdf,8,4,5,2,4,831,"image,ocr,table,text",9,9,6954
pintuco__fds-37-esmalte-pintulux-aluminio-pintuco__sec08__chunk03,pintuco__fds-37-esmalte-pintulux-aluminio-pintuco,Pintuco,ESMALTE PINTULUX ALUMINIO,FDS 37 - ESMALTE PINTULUX ALUMINIO - PINTUCO .pdf,8,4,5,3,4,845,"image,ocr,table,text",9,9,9852
pintuco__fds-37-esmalte-pintulux-aluminio-pintuco__sec08__chunk04,pintuco__fds-37-esmalte-pintulux-aluminio-pintuco,Pintuco,ESMALTE PINTULUX ALUMINIO,FDS 37 - ESMALTE PINTULUX ALUMINIO - PINTUCO .pdf,8,4,5,4,4,177,"image,ocr,table,text",9,9,2566
pintuco__fds-37-esmalte-pintulux-aluminio-pintuco__sec09__chunk01,pintuco__fds-37-esmalte-pintulux-aluminio-pintuco,Pintuco,ESMALTE PINTULUX ALUMINIO,FDS 37 - ESMALTE PINTULUX ALUMINIO - PINTUCO .pdf,9,5,6,1,2,833,"image,ocr,table,text",3,2,7363
pintuco__fds-37-esmalte-pintulux-aluminio-pintuco__sec09__chunk02,pintuco__fds-37-esmalte-pintulux-aluminio-pintuco,Pintuco,ESMALTE PINTULUX ALUMINIO,FDS 37 - ESMALTE PINTULUX ALUMINIO - PINTUCO .pdf,9,5,6,2,2,181,"image,ocr,table,text",3,2,2285
pintuco__fds-37-esmalte-pintulux-aluminio-pintuco__sec10__chunk01,pintuco__fds-37-esmalte-pintulux-aluminio-pintuco,Pintuco,ESMALTE PINTULUX ALUMINIO,FDS 37 - ESMALTE PINTULUX ALUMINIO - PINTUCO .pdf,10,6,6,1,1,549,"table,text",3,0,5553
pintuco__fds-37-esmalte-pintulux-aluminio-pintuco__sec11__chunk01,pintuco__fds-37-esmalte-pintulux-aluminio-pintuco,Pintuco,ESMALTE PINTULUX ALUMINIO,FDS 37 - ESMALTE PINTULUX ALUMINIO - PINTUCO .pdf,11,6,7,1,4,781,"image,ocr,table,text",4,2,5740
pintuco__fds-37-esmalte-pintulux-aluminio-pintuco__sec11__chunk02,pintuco__fds-37-esmalte-pintulux-aluminio-pintuco,Pintuco,ESMALTE PINTULUX ALUMINIO,FDS 37 - ESMALTE PINTULUX ALUMINIO - PINTUCO .pdf,11,6,7,2,4,850,"image,ocr,table,text",4,2,7093
pintuco__fds-37-esmalte-pintulux-aluminio-pintuco__sec11__chunk03,pintuco__fds-37-esmalte-pintulux-aluminio-pintuco,Pintuco,ESMALTE PINTULUX ALUMINIO,FDS 37 - ESMALTE PINTULUX ALUMINIO - PINTUCO .pdf,11,6,7,3,4,127,"image,ocr,table,text",4,2,1256
pintuco__fds-37-esmalte-pintulux-aluminio-pintuco__sec11__chunk04,pintuco__fds-37-esmalte-pintulux-aluminio-pintuco,Pintuco,ESMALTE PINTULUX ALUMINIO,FDS 37 - ESMALTE PINTULUX ALUMINIO - PINTUCO .pdf,11,6,7,4,4,165,"image,ocr,table,text",4,2,2097
pintuco__fds-37-esmalte-pintulux-aluminio-pintuco__sec12__chunk01,pintuco__fds-37-esmalte-pintulux-aluminio-pintuco,Pintuco,ESMALTE PINTULUX ALUMINIO,FDS 37 - ESMALTE PINTULUX ALUMINIO - PINTUCO .pdf,12,7,8,1,3,490,"image,ocr,table,text",7,2,3552
pintuco__fds-37-esmalte-pintulux-aluminio-pintuco__sec12__chunk02,pintuco__fds-37-esmalte-pintulux-aluminio-pintuco,Pintuco,ESMALTE PINTULUX ALUMINIO,FDS 37 - ESMALTE PINTULUX ALUMINIO - PINTUCO .pdf,12,7,8,2,3,787,"image,ocr,table,text",7,2,10233
pintuco__fds-37-esmalte-pintulux-aluminio-pintuco__sec12__chunk03,pintuco__fds-37-esmalte-pintulux-aluminio-pintuco,Pintuco,ESMALTE PINTULUX ALUMINIO,FDS 37 - ESMALTE PINTULUX ALUMINIO - PINTUCO .pdf,12,7,8,3,3,267,"image,ocr,table,text",7,2,3468
pintuco__fds-37-esmalte-pintulux-aluminio-pintuco__sec13__chunk01,pintuco__fds-37-esmalte-pintulux-aluminio-pintuco,Pintuco,ESMALTE PINTULUX ALUMINIO,FDS 37 - ESMALTE PINTULUX ALUMINIO - PINTUCO .pdf,13,8,9,1,1,469,"image,ocr,table,text",3,1,4004
pintuco__fds-37-esmalte-pintulux-aluminio-pintuco__sec14__chunk01,pintuco__fds-37-esmalte-pintulux-aluminio-pintuco,Pintuco,ESMALTE PINTULUX ALUMINIO,FDS 37 - ESMALTE PINTULUX ALUMINIO - PINTUCO .pdf,14,9,10,1,2,846,"image,ocr,table,text",3,8,9828
pintuco__fds-37-esmalte-pintulux-aluminio-pintuco__sec14__chunk02,pintuco__fds-37-esmalte-pintulux-aluminio-pintuco,Pintuco,ESMALTE PINTULUX ALUMINIO,FDS 37 - ESMALTE PINTULUX ALUMINIO - PINTUCO .pdf,14,9,10,2,2,220,"image,ocr,table,text",3,8,3178
pintuco__fds-37-esmalte-pintulux-aluminio-pintuco__sec15__chunk01,pintuco__fds-37-esmalte-pintulux-aluminio-pintuco,Pintuco,ESMALTE PINTULUX ALUMINIO,FDS 37 - ESMALTE PINTULUX ALUMINIO - PINTUCO .pdf,15,10,10,1,2,357,"table,text",1,0,2382
pintuco__fds-37-esmalte-pintulux-aluminio-pintuco__sec15__chunk02,pintuco__fds-37-esmalte-pintulux-aluminio-pintuco,Pintuco,ESMALTE PINTULUX ALUMINIO,FDS 37 - ESMALTE PINTULUX ALUMINIO - PINTUCO .pdf,15,10,10,2,2,766,"table,text",1,0,5712
pintuco__fds-37-esmalte-pintulux-aluminio-pintuco__sec16__chunk01,pintuco__fds-37-esmalte-pintulux-aluminio-pintuco,Pintuco,ESMALTE PINTULUX ALUMINIO,FDS 37 - ESMALTE PINTULUX ALUMINIO - PINTUCO .pdf,16,10,11,1,4,617,"image,ocr,table,text",4,2,4026
pintuco__fds-37-esmalte-pintulux-aluminio-pintuco__sec16__chunk02,pintuco__fds-37-esmalte-pintulux-aluminio-pintuco,Pintuco,ESMALTE PINTULUX ALUMINIO,FDS 37 - ESMALTE PINTULUX ALUMINIO - PINTUCO .pdf,16,10,11,2,4,397,"image,ocr,table,text",4,2,3095
pintuco__fds-37-esmalte-pintulux-aluminio-pintuco__sec16__chunk03,pintuco__fds-37-esmalte-pintulux-aluminio-pintuco,Pintuco,ESMALTE PINTULUX ALUMINIO,FDS 37 - ESMALTE PINTULUX ALUMINIO - PINTUCO .pdf,16,10,11,3,4,836,"image,ocr,table,text",4,2,7032
pintuco__fds-37-esmalte-pintulux-aluminio-pintuco__sec16__chunk04,pintuco__fds-37-esmalte-pintulux-aluminio-pintuco,Pintuco,ESMALTE PINTULUX ALUMINIO,FDS 37 - ESMALTE PINTULUX ALUMINIO - PINTUCO .pdf,16,10,11,4,4,140,"image,ocr,table,text",4,2,1618
pintuco__fds-38-esmalte-top-quality-rojo-bermellon-9409-pintuco__sec01__chunk01,pintuco__fds-38-esmalte-top-quality-rojo-bermellon-9409-pintuco,Pintuco,ESMALTE TOP QUALITY ROJO BERMELLON 9409,FDS 38 - ESMALTE TOP QUALITY ROJO BERMELLON 9409 - PINTUCO .pdf,1,1,1,1,1,364,"image,ocr,table,text",1,2,3696
pintuco__fds-38-esmalte-top-quality-rojo-bermellon-9409-pintuco__sec02__chunk01,pintuco__fds-38-esmalte-top-quality-rojo-bermellon-9409-pintuco,Pintuco,ESMALTE TOP QUALITY ROJO BERMELLON 9409,FDS 38 - ESMALTE TOP QUALITY ROJO BERMELLON 9409 - PINTUCO .pdf,2,1,1,1,3,338,"image,ocr,table,text",1,4,2178
pintuco__fds-38-esmalte-top-quality-rojo-bermellon-9409-pintuco__sec02__chunk02,pintuco__fds-38-esmalte-top-quality-rojo-bermellon-9409-pintuco,Pintuco,ESMALTE TOP QUALITY ROJO BERMELLON 9409,FDS 38 - ESMALTE TOP QUALITY ROJO BERMELLON 9409 - PINTUCO .pdf,2,1,1,2,3,823,"image,ocr,table,text",1,4,7385
pintuco__fds-38-esmalte-top-quality-rojo-bermellon-9409-pintuco__sec02__chunk03,pintuco__fds-38-esmalte-top-quality-rojo-bermellon-9409-pintuco,Pintuco,ESMALTE TOP QUALITY ROJO BERMELLON 9409,FDS 38 - ESMALTE TOP QUALITY ROJO BERMELLON 9409 - PINTUCO .pdf,2,1,1,3,3,140,"image,ocr,table,text",1,4,2158
pintuco__fds-38-esmalte-top-quality-rojo-bermellon-9409-pintuco__sec03__chunk01,pintuco__fds-38-esmalte-top-quality-rojo-bermellon-9409-pintuco,Pintuco,ESMALTE TOP QUALITY ROJO BERMELLON 9409,FDS 38 - ESMALTE TOP QUALITY ROJO BERMELLON 9409 - PINTUCO .pdf,3,1,2,1,1,545,"image,ocr,table,text",4,2,5846
pintuco__fds-38-esmalte-top-quality-rojo-bermellon-9409-pintuco__sec04__chunk01,pintuco__fds-38-esmalte-top-quality-rojo-bermellon-9409-pintuco,Pintuco,ESMALTE TOP QUALITY ROJO BERMELLON 9409,FDS 38 - ESMALTE TOP QUALITY ROJO BERMELLON 9409 - PINTUCO .pdf,4,2,2,1,2,385,"table,text",1,0,2402
pintuco__fds-38-esmalte-top-quality-rojo-bermellon-9409-pintuco__sec04__chunk02,pintuco__fds-38-esmalte-top-quality-rojo-bermellon-9409-pintuco,Pintuco,ESMALTE TOP QUALITY ROJO BERMELLON 9409,FDS 38 - ESMALTE TOP QUALITY ROJO BERMELLON 9409 - PINTUCO .pdf,4,2,2,2,2,806,"table,text",1,0,5778
pintuco__fds-38-esmalte-top-quality-rojo-bermellon-9409-pintuco__sec05__chunk01,pintuco__fds-38-esmalte-top-quality-rojo-bermellon-9409-pintuco,Pintuco,ESMALTE TOP QUALITY ROJO BERMELLON 9409,FDS 38 - ESMALTE TOP QUALITY ROJO BERMELLON 9409 - PINTUCO .pdf,5,2,3,1,1,705,"image,ocr,table,text",3,1,6123
pintuco__fds-38-esmalte-top-quality-rojo-bermellon-9409-pintuco__sec06__chunk01,pintuco__fds-38-esmalte-top-quality-rojo-bermellon-9409-pintuco,Pintuco,ESMALTE TOP QUALITY ROJO BERMELLON 9409,FDS 38 - ESMALTE TOP QUALITY ROJO BERMELLON 9409 - PINTUCO .pdf,6,3,3,1,1,699,"image,ocr,table,text",1,1,5658
pintuco__fds-38-esmalte-top-quality-rojo-bermellon-9409-pintuco__sec07__chunk01,pintuco__fds-38-esmalte-top-quality-rojo-bermellon-9409-pintuco,Pintuco,ESMALTE TOP QUALITY ROJO BERMELLON 9409,FDS 38 - ESMALTE TOP QUALITY ROJO BERMELLON 9409 - PINTUCO .pdf,7,3,4,1,3,419,"image,ocr,table,text",2,1,2967
pintuco__fds-38-esmalte-top-quality-rojo-bermellon-9409-pintuco__sec07__chunk02,pintuco__fds-38-esmalte-top-quality-rojo-bermellon-9409-pintuco,Pintuco,ESMALTE TOP QUALITY ROJO BERMELLON 9409,FDS 38 - ESMALTE TOP QUALITY ROJO BERMELLON 9409 - PINTUCO .pdf,7,3,4,2,3,819,"image,ocr,table,text",2,1,6898
pintuco__fds-38-esmalte-top-quality-rojo-bermellon-9409-pintuco__sec07__chunk03,pintuco__fds-38-esmalte-top-quality-rojo-bermellon-9409-pintuco,Pintuco,ESMALTE TOP QUALITY ROJO BERMELLON 9409,FDS 38 - ESMALTE TOP QUALITY ROJO BERMELLON 9409 - PINTUCO .pdf,7,3,4,3,3,140,"image,ocr,table,text",2,1,1555
pintuco__fds-38-esmalte-top-quality-rojo-bermellon-9409-pintuco__sec08__chunk01,pintuco__fds-38-esmalte-top-quality-rojo-bermellon-9409-pintuco,Pintuco,ESMALTE TOP QUALITY ROJO BERMELLON 9409,FDS 38 - ESMALTE TOP QUALITY ROJO BERMELLON 9409 - PINTUCO .pdf,8,4,5,1,4,583,"image,ocr,table,text",10,10,4143
pintuco__fds-38-esmalte-top-quality-rojo-bermellon-9409-pintuco__sec08__chunk02,pintuco__fds-38-esmalte-top-quality-rojo-bermellon-9409-pintuco,Pintuco,ESMALTE TOP QUALITY ROJO BERMELLON 9409,FDS 38 - ESMALTE TOP QUALITY ROJO BERMELLON 9409 - PINTUCO .pdf,8,4,5,2,4,813,"image,ocr,table,text",10,10,7110
pintuco__fds-38-esmalte-top-quality-rojo-bermellon-9409-pintuco__sec08__chunk03,pintuco__fds-38-esmalte-top-quality-rojo-bermellon-9409-pintuco,Pintuco,ESMALTE TOP QUALITY ROJO BERMELLON 9409,FDS 38 - ESMALTE TOP QUALITY ROJO BERMELLON 9409 - PINTUCO .pdf,8,4,5,3,4,833,"image,ocr,table,text",10,10,9900
pintuco__fds-38-esmalte-top-quality-rojo-bermellon-9409-pintuco__sec08__chunk04,pintuco__fds-38-esmalte-top-quality-rojo-bermellon-9409-pintuco,Pintuco,ESMALTE TOP QUALITY ROJO BERMELLON 9409,FDS 38 - ESMALTE TOP QUALITY ROJO BERMELLON 9409 - PINTUCO .pdf,8,4,5,4,4,297,"image,ocr,table,text",10,10,4735
pintuco__fds-38-esmalte-top-quality-rojo-bermellon-9409-pintuco__sec09__chunk01,pintuco__fds-38-esmalte-top-quality-rojo-bermellon-9409-pintuco,Pintuco,ESMALTE TOP QUALITY ROJO BERMELLON 9409,FDS 38 - ESMALTE TOP QUALITY ROJO BERMELLON 9409 - PINTUCO .pdf,9,5,6,1,2,833,"image,ocr,table,text",3,2,7491
pintuco__fds-38-esmalte-top-quality-rojo-bermellon-9409-pintuco__sec09__chunk02,pintuco__fds-38-esmalte-top-quality-rojo-bermellon-9409-pintuco,Pintuco,ESMALTE TOP QUALITY ROJO BERMELLON 9409,FDS 38 - ESMALTE TOP QUALITY ROJO BERMELLON 9409 - PINTUCO .pdf,9,5,6,2,2,181,"image,ocr,table,text",3,2,2411
pintuco__fds-38-esmalte-top-quality-rojo-bermellon-9409-pintuco__sec10__chunk01,pintuco__fds-38-esmalte-top-quality-rojo-bermellon-9409-pintuco,Pintuco,ESMALTE TOP QUALITY ROJO BERMELLON 9409,FDS 38 - ESMALTE TOP QUALITY ROJO BERMELLON 9409 - PINTUCO .pdf,10,6,6,1,1,546,"table,text",3,0,5505
pintuco__fds-38-esmalte-top-quality-rojo-bermellon-9409-pintuco__sec11__chunk01,pintuco__fds-38-esmalte-top-quality-rojo-bermellon-9409-pintuco,Pintuco,ESMALTE TOP QUALITY ROJO BERMELLON 9409,FDS 38 - ESMALTE TOP QUALITY ROJO BERMELLON 9409 - PINTUCO .pdf,11,6,7,1,5,847,"image,ocr,table,text",4,2,6089
pintuco__fds-38-esmalte-top-quality-rojo-bermellon-9409-pintuco__sec11__chunk02,pintuco__fds-38-esmalte-top-quality-rojo-bermellon-9409-pintuco,Pintuco,ESMALTE TOP QUALITY ROJO BERMELLON 9409,FDS 38 - ESMALTE TOP QUALITY ROJO BERMELLON 9409 - PINTUCO .pdf,11,6,7,2,5,135,"image,ocr,table,text",4,2,1211
pintuco__fds-38-esmalte-top-quality-rojo-bermellon-9409-pintuco__sec11__chunk03,pintuco__fds-38-esmalte-top-quality-rojo-bermellon-9409-pintuco,Pintuco,ESMALTE TOP QUALITY ROJO BERMELLON 9409,FDS 38 - ESMALTE TOP QUALITY ROJO BERMELLON 9409 - PINTUCO .pdf,11,6,7,3,5,850,"image,ocr,table,text",4,2,6716
pintuco__fds-38-esmalte-top-quality-rojo-bermellon-9409-pintuco__sec11__chunk04,pintuco__fds-38-esmalte-top-quality-rojo-bermellon-9409-pintuco,Pintuco,ESMALTE TOP QUALITY ROJO BERMELLON 9409,FDS 38 - ESMALTE TOP QUALITY ROJO BERMELLON 9409 - PINTUCO .pdf,11,6,7,4,5,329,"image,ocr,table,text",4,2,2745
pintuco__fds-38-esmalte-top-quality-rojo-bermellon-9409-pintuco__sec11__chunk05,pintuco__fds-38-esmalte-top-quality-rojo-bermellon-9409-pintuco,Pintuco,ESMALTE TOP QUALITY ROJO BERMELLON 9409,FDS 38 - ESMALTE TOP QUALITY ROJO BERMELLON 9409 - PINTUCO .pdf,11,6,7,5,5,126,"image,ocr,table,text",4,2,1853
pintuco__fds-38-esmalte-top-quality-rojo-bermellon-9409-pintuco__sec12__chunk01,pintuco__fds-38-esmalte-top-quality-rojo-bermellon-9409-pintuco,Pintuco,ESMALTE TOP QUALITY ROJO BERMELLON 9409,FDS 38 - ESMALTE TOP QUALITY ROJO BERMELLON 9409 - PINTUCO .pdf,12,7,8,1,1,653,"image,ocr,table,text",5,2,7187
pintuco__fds-38-esmalte-top-quality-rojo-bermellon-9409-pintuco__sec13__chunk01,pintuco__fds-38-esmalte-top-quality-rojo-bermellon-9409-pintuco,Pintuco,ESMALTE TOP QUALITY ROJO BERMELLON 9409,FDS 38 - ESMALTE TOP QUALITY ROJO BERMELLON 9409 - PINTUCO .pdf,13,8,8,1,1,320,"table,text",1,0,2487
pintuco__fds-38-esmalte-top-quality-rojo-bermellon-9409-pintuco__sec14__chunk01,pintuco__fds-38-esmalte-top-quality-rojo-bermellon-9409-pintuco,Pintuco,ESMALTE TOP QUALITY ROJO BERMELLON 9409,FDS 38 - ESMALTE TOP QUALITY ROJO BERMELLON 9409 - PINTUCO .pdf,14,8,9,1,2,848,"image,ocr,table,text",3,6,10213
pintuco__fds-38-esmalte-top-quality-rojo-bermellon-9409-pintuco__sec14__chunk02,pintuco__fds-38-esmalte-top-quality-rojo-bermellon-9409-pintuco,Pintuco,ESMALTE TOP QUALITY ROJO BERMELLON 9409,FDS 38 - ESMALTE TOP QUALITY ROJO BERMELLON 9409 - PINTUCO .pdf,14,8,9,2,2,140,"image,ocr,table,text",3,6,2152
pintuco__fds-38-esmalte-top-quality-rojo-bermellon-9409-pintuco__sec15__chunk01,pintuco__fds-38-esmalte-top-quality-rojo-bermellon-9409-pintuco,Pintuco,ESMALTE TOP QUALITY ROJO BERMELLON 9409,FDS 38 - ESMALTE TOP QUALITY ROJO BERMELLON 9409 - PINTUCO .pdf,15,9,10,1,2,621,"image,ocr,table,text",3,2,4631
pintuco__fds-38-esmalte-top-quality-rojo-bermellon-9409-pintuco__sec15__chunk02,pintuco__fds-38-esmalte-top-quality-rojo-bermellon-9409-pintuco,Pintuco,ESMALTE TOP QUALITY ROJO BERMELLON 9409,FDS 38 - ESMALTE TOP QUALITY ROJO BERMELLON 9409 - PINTUCO .pdf,15,9,10,2,2,690,"image,ocr,table,text",3,2,6087
pintuco__fds-38-esmalte-top-quality-rojo-bermellon-9409-pintuco__sec16__chunk01,pintuco__fds-38-esmalte-top-quality-rojo-bermellon-9409-pintuco,Pintuco,ESMALTE TOP QUALITY ROJO BERMELLON 9409,FDS 38 - ESMALTE TOP QUALITY ROJO BERMELLON 9409 - PINTUCO .pdf,16,10,11,1,3,570,"image,ocr,table,text",4,2,3746
pintuco__fds-38-esmalte-top-quality-rojo-bermellon-9409-pintuco__sec16__chunk02,pintuco__fds-38-esmalte-top-quality-rojo-bermellon-9409-pintuco,Pintuco,ESMALTE TOP QUALITY ROJO BERMELLON 9409,FDS 38 - ESMALTE TOP QUALITY ROJO BERMELLON 9409 - PINTUCO .pdf,16,10,11,2,3,812,"image,ocr,table,text",4,2,6728
pintuco__fds-38-esmalte-top-quality-rojo-bermellon-9409-pintuco__sec16__chunk03,pintuco__fds-38-esmalte-top-quality-rojo-bermellon-9409-pintuco,Pintuco,ESMALTE TOP QUALITY ROJO BERMELLON 9409,FDS 38 - ESMALTE TOP QUALITY ROJO BERMELLON 9409 - PINTUCO .pdf,16,10,11,3,3,365,"image,ocr,table,text",4,2,3671
pintuco__fds-41-pintura-acrilica-construccion-alta-asepsia-blanco-27580-pintuco__sec01__chunk01,pintuco__fds-41-pintura-acrilica-construccion-alta-asepsia-blanco-27580-pintuco,Pintuco,PINTURA ACRILICA CONSTRUCCION ALTA ASEPSIA BLANCO 27580,FDS 41 - PINTURA ACRILICA CONSTRUCCION ALTA ASEPSIA BLANCO 27580 - PINTUCO .pdf,1,1,1,1,1,368,"image,ocr,table,text",1,2,3974
pintuco__fds-41-pintura-acrilica-construccion-alta-asepsia-blanco-27580-pintuco__sec02__chunk01,pintuco__fds-41-pintura-acrilica-construccion-alta-asepsia-blanco-27580-pintuco,Pintuco,PINTURA ACRILICA CONSTRUCCION ALTA ASEPSIA BLANCO 27580,FDS 41 - PINTURA ACRILICA CONSTRUCCION ALTA ASEPSIA BLANCO 27580 - PINTUCO .pdf,2,1,1,1,1,251,"table,text",1,0,2058
pintuco__fds-41-pintura-acrilica-construccion-alta-asepsia-blanco-27580-pintuco__sec03__chunk01,pintuco__fds-41-pintura-acrilica-construccion-alta-asepsia-blanco-27580-pintuco,Pintuco,PINTURA ACRILICA CONSTRUCCION ALTA ASEPSIA BLANCO 27580,FDS 41 - PINTURA ACRILICA CONSTRUCCION ALTA ASEPSIA BLANCO 27580 - PINTUCO .pdf,3,1,1,1,1,311,"table,text",2,0,2992
pintuco__fds-41-pintura-acrilica-construccion-alta-asepsia-blanco-27580-pintuco__sec04__chunk01,pintuco__fds-41-pintura-acrilica-construccion-alta-asepsia-blanco-27580-pintuco,Pintuco,PINTURA ACRILICA CONSTRUCCION ALTA ASEPSIA BLANCO 27580,FDS 41 - PINTURA ACRILICA CONSTRUCCION ALTA ASEPSIA BLANCO 27580 - PINTUCO .pdf,4,1,2,1,2,813,"image,ocr,table,text",3,2,6296
pintuco__fds-41-pintura-acrilica-construccion-alta-asepsia-blanco-27580-pintuco__sec04__chunk02,pintuco__fds-41-pintura-acrilica-construccion-alta-asepsia-blanco-27580-pintuco,Pintuco,PINTURA ACRILICA CONSTRUCCION ALTA ASEPSIA BLANCO 27580,FDS 41 - PINTURA ACRILICA CONSTRUCCION ALTA ASEPSIA BLANCO 27580 - PINTUCO .pdf,4,1,2,2,2,181,"image,ocr,table,text",3,2,2261
pintuco__fds-41-pintura-acrilica-construccion-alta-asepsia-blanco-27580-pintuco__sec05__chunk01,pintuco__fds-41-pintura-acrilica-construccion-alta-asepsia-blanco-27580-pintuco,Pintuco,PINTURA ACRILICA CONSTRUCCION ALTA ASEPSIA BLANCO 27580,FDS 41 - PINTURA ACRILICA CONSTRUCCION ALTA ASEPSIA BLANCO 27580 - PINTUCO .pdf,5,2,2,1,1,594,"table,text",1,0,4835
pintuco__fds-41-pintura-acrilica-construccion-alta-asepsia-blanco-27580-pintuco__sec06__chunk01,pintuco__fds-41-pintura-acrilica-construccion-alta-asepsia-blanco-27580-pintuco,Pintuco,PINTURA ACRILICA CONSTRUCCION ALTA ASEPSIA BLANCO 27580,FDS 41 - PINTURA ACRILICA CONSTRUCCION ALTA ASEPSIA BLANCO 27580 - PINTUCO .pdf,6,2,2,1,1,489,"table,text",2,0,3977
pintuco__fds-41-pintura-acrilica-construccion-alta-asepsia-blanco-27580-pintuco__sec07__chunk01,pintuco__fds-41-pintura-acrilica-construccion-alta-asepsia-blanco-27580-pintuco,Pintuco,PINTURA ACRILICA CONSTRUCCION ALTA ASEPSIA BLANCO 27580,FDS 41 - PINTURA ACRILICA CONSTRUCCION ALTA ASEPSIA BLANCO 27580 - PINTUCO .pdf,7,2,3,1,2,820,"image,ocr,table,text",2,1,6945
pintuco__fds-41-pintura-acrilica-construccion-alta-asepsia-blanco-27580-pintuco__sec07__chunk02,pintuco__fds-41-pintura-acrilica-construccion-alta-asepsia-blanco-27580-pintuco,Pintuco,PINTURA ACRILICA CONSTRUCCION ALTA ASEPSIA BLANCO 27580,FDS 41 - PINTURA ACRILICA CONSTRUCCION ALTA ASEPSIA BLANCO 27580 - PINTUCO .pdf,7,2,3,2,2,140,"image,ocr,table,text",2,1,1726
pintuco__fds-41-pintura-acrilica-construccion-alta-asepsia-blanco-27580-pintuco__sec08__chunk01,pintuco__fds-41-pintura-acrilica-construccion-alta-asepsia-blanco-27580-pintuco,Pintuco,PINTURA ACRILICA CONSTRUCCION ALTA ASEPSIA BLANCO 27580,FDS 41 - PINTURA ACRILICA CONSTRUCCION ALTA ASEPSIA BLANCO 27580 - PINTUCO .pdf,8,3,4,1,4,539,"image,ocr,table,text",9,10,3717
pintuco__fds-41-pintura-acrilica-construccion-alta-asepsia-blanco-27580-pintuco__sec08__chunk02,pintuco__fds-41-pintura-acrilica-construccion-alta-asepsia-blanco-27580-pintuco,Pintuco,PINTURA ACRILICA CONSTRUCCION ALTA ASEPSIA BLANCO 27580,FDS 41 - PINTURA ACRILICA CONSTRUCCION ALTA ASEPSIA BLANCO 27580 - PINTUCO .pdf,8,3,4,2,4,841,"image,ocr,table,text",9,10,7680
pintuco__fds-41-pintura-acrilica-construccion-alta-asepsia-blanco-27580-pintuco__sec08__chunk03,pintuco__fds-41-pintura-acrilica-construccion-alta-asepsia-blanco-27580-pintuco,Pintuco,PINTURA ACRILICA CONSTRUCCION ALTA ASEPSIA BLANCO 27580,FDS 41 - PINTURA ACRILICA CONSTRUCCION ALTA ASEPSIA BLANCO 27580 - PINTUCO .pdf,8,3,4,3,4,821,"image,ocr,table,text",9,10,10288
pintuco__fds-41-pintura-acrilica-construccion-alta-asepsia-blanco-27580-pintuco__sec08__chunk04,pintuco__fds-41-pintura-acrilica-construccion-alta-asepsia-blanco-27580-pintuco,Pintuco,PINTURA ACRILICA CONSTRUCCION ALTA ASEPSIA BLANCO 27580,FDS 41 - PINTURA ACRILICA CONSTRUCCION ALTA ASEPSIA BLANCO 27580 - PINTUCO .pdf,8,3,4,4,4,255,"image,ocr,table,text",9,10,4454
pintuco__fds-41-pintura-acrilica-construccion-alta-asepsia-blanco-27580-pintuco__sec09__chunk01,pintuco__fds-41-pintura-acrilica-construccion-alta-asepsia-blanco-27580-pintuco,Pintuco,PINTURA ACRILICA CONSTRUCCION ALTA ASEPSIA BLANCO 27580,FDS 41 - PINTURA ACRILICA CONSTRUCCION ALTA ASEPSIA BLANCO 27580 - PINTUCO .pdf,9,4,5,1,2,849,"image,ocr,table,text",3,2,7688
pintuco__fds-41-pintura-acrilica-construccion-alta-asepsia-blanco-27580-pintuco__sec09__chunk02,pintuco__fds-41-pintura-acrilica-construccion-alta-asepsia-blanco-27580-pintuco,Pintuco,PINTURA ACRILICA CONSTRUCCION ALTA ASEPSIA BLANCO 27580,FDS 41 - PINTURA ACRILICA CONSTRUCCION ALTA ASEPSIA BLANCO 27580 - PINTUCO .pdf,9,4,5,2,2,181,"image,ocr,table,text",3,2,2550
pintuco__fds-41-pintura-acrilica-construccion-alta-asepsia-blanco-27580-pintuco__sec10__chunk01,pintuco__fds-41-pintura-acrilica-construccion-alta-asepsia-blanco-27580-pintuco,Pintuco,PINTURA ACRILICA CONSTRUCCION ALTA ASEPSIA BLANCO 27580,FDS 41 - PINTURA ACRILICA CONSTRUCCION ALTA ASEPSIA BLANCO 27580 - PINTUCO .pdf,10,5,6,1,1,639,"image,ocr,table,text",4,1,6803
pintuco__fds-41-pintura-acrilica-construccion-alta-asepsia-blanco-27580-pintuco__sec11__chunk01,pintuco__fds-41-pintura-acrilica-construccion-alta-asepsia-blanco-27580-pintuco,Pintuco,PINTURA ACRILICA CONSTRUCCION ALTA ASEPSIA BLANCO 27580,FDS 41 - PINTURA ACRILICA CONSTRUCCION ALTA ASEPSIA BLANCO 27580 - PINTUCO .pdf,11,6,7,1,4,786,"image,ocr,table,text",4,2,5382
pintuco__fds-41-pintura-acrilica-construccion-alta-asepsia-blanco-27580-pintuco__sec11__chunk02,pintuco__fds-41-pintura-acrilica-construccion-alta-asepsia-blanco-27580-pintuco,Pintuco,PINTURA ACRILICA CONSTRUCCION ALTA ASEPSIA BLANCO 27580,FDS 41 - PINTURA ACRILICA CONSTRUCCION ALTA ASEPSIA BLANCO 27580 - PINTUCO .pdf,11,6,7,2,4,850,"image,ocr,table,text",4,2,6617
pintuco__fds-41-pintura-acrilica-construccion-alta-asepsia-blanco-27580-pintuco__sec11__chunk03,pintuco__fds-41-pintura-acrilica-construccion-alta-asepsia-blanco-27580-pintuco,Pintuco,PINTURA ACRILICA CONSTRUCCION ALTA ASEPSIA BLANCO 27580,FDS 41 - PINTURA ACRILICA CONSTRUCCION ALTA ASEPSIA BLANCO 27580 - PINTUCO .pdf,11,6,7,3,4,592,"image,ocr,table,text",4,2,4559
pintuco__fds-41-pintura-acrilica-construccion-alta-asepsia-blanco-27580-pintuco__sec11__chunk04,pintuco__fds-41-pintura-acrilica-construccion-alta-asepsia-blanco-27580-pintuco,Pintuco,PINTURA ACRILICA CONSTRUCCION ALTA ASEPSIA BLANCO 27580,FDS 41 - PINTURA ACRILICA CONSTRUCCION ALTA ASEPSIA BLANCO 27580 - PINTUCO .pdf,11,6,7,4,4,212,"image,ocr,table,text",4,2,3205
pintuco__fds-41-pintura-acrilica-construccion-alta-asepsia-blanco-27580-pintuco__sec12__chunk01,pintuco__fds-41-pintura-acrilica-construccion-alta-asepsia-blanco-27580-pintuco,Pintuco,PINTURA ACRILICA CONSTRUCCION ALTA ASEPSIA BLANCO 27580,FDS 41 - PINTURA ACRILICA CONSTRUCCION ALTA ASEPSIA BLANCO 27580 - PINTUCO .pdf,12,7,7,1,1,219,"image,ocr,table,text",1,1,2564
pintuco__fds-41-pintura-acrilica-construccion-alta-asepsia-blanco-27580-pintuco__sec13__chunk01,pintuco__fds-41-pintura-acrilica-construccion-alta-asepsia-blanco-27580-pintuco,Pintuco,PINTURA ACRILICA CONSTRUCCION ALTA ASEPSIA BLANCO 27580,FDS 41 - PINTURA ACRILICA CONSTRUCCION ALTA ASEPSIA BLANCO 27580 - PINTUCO .pdf,13,7,7,1,1,321,"table,text",1,0,2535
pintuco__fds-41-pintura-acrilica-construccion-alta-asepsia-blanco-27580-pintuco__sec14__chunk01,pintuco__fds-41-pintura-acrilica-construccion-alta-asepsia-blanco-27580-pintuco,Pintuco,PINTURA ACRILICA CONSTRUCCION ALTA ASEPSIA BLANCO 27580,FDS 41 - PINTURA ACRILICA CONSTRUCCION ALTA ASEPSIA BLANCO 27580 - PINTUCO .pdf,14,7,7,1,1,74,"table,text",1,0,674
pintuco__fds-41-pintura-acrilica-construccion-alta-asepsia-blanco-27580-pintuco__sec15__chunk01,pintuco__fds-41-pintura-acrilica-construccion-alta-asepsia-blanco-27580-pintuco,Pintuco,PINTURA ACRILICA CONSTRUCCION ALTA ASEPSIA BLANCO 27580,FDS 41 - PINTURA ACRILICA CONSTRUCCION ALTA ASEPSIA BLANCO 27580 - PINTUCO .pdf,15,7,8,1,2,622,"image,ocr,table,text",3,2,4727
pintuco__fds-41-pintura-acrilica-construccion-alta-asepsia-blanco-27580-pintuco__sec15__chunk02,pintuco__fds-41-pintura-acrilica-construccion-alta-asepsia-blanco-27580-pintuco,Pintuco,PINTURA ACRILICA CONSTRUCCION ALTA ASEPSIA BLANCO 27580,FDS 41 - PINTURA ACRILICA CONSTRUCCION ALTA ASEPSIA BLANCO 27580 - PINTUCO .pdf,15,7,8,2,2,690,"image,ocr,table,text",3,2,6291
pintuco__fds-41-pintura-acrilica-construccion-alta-asepsia-blanco-27580-pintuco__sec16__chunk01,pintuco__fds-41-pintura-acrilica-construccion-alta-asepsia-blanco-27580-pintuco,Pintuco,PINTURA ACRILICA CONSTRUCCION ALTA ASEPSIA BLANCO 27580,FDS 41 - PINTURA ACRILICA CONSTRUCCION ALTA ASEPSIA BLANCO 27580 - PINTUCO .pdf,16,8,8,1,2,809,"table,text",2,0,6332
pintuco__fds-41-pintura-acrilica-construccion-alta-asepsia-blanco-27580-pintuco__sec16__chunk02,pintuco__fds-41-pintura-acrilica-construccion-alta-asepsia-blanco-27580-pintuco,Pintuco,PINTURA ACRILICA CONSTRUCCION ALTA ASEPSIA BLANCO 27580,FDS 41 - PINTURA ACRILICA CONSTRUCCION ALTA ASEPSIA BLANCO 27580 - PINTUCO .pdf,16,8,8,2,2,284,"table,text",2,0,2457
pintuco__fds-45-viniltex-pro-650-blanco-pintuco__sec01__chunk01,pintuco__fds-45-viniltex-pro-650-blanco-pintuco,Pintuco,VINILTEX PRO 650 BLANCO,FDS 45 - VINILTEX PRO 650 BLANCO - PINTUCO .pdf,1,1,1,1,1,382,"image,ocr,table,text",1,2,3762
pintuco__fds-45-viniltex-pro-650-blanco-pintuco__sec02__chunk01,pintuco__fds-45-viniltex-pro-650-blanco-pintuco,Pintuco,VINILTEX PRO 650 BLANCO,FDS 45 - VINILTEX PRO 650 BLANCO - PINTUCO .pdf,2,1,1,1,1,733,"image,ocr,table,text",1,2,6294
pintuco__fds-45-viniltex-pro-650-blanco-pintuco__sec03__chunk01,pintuco__fds-45-viniltex-pro-650-blanco-pintuco,Pintuco,VINILTEX PRO 650 BLANCO,FDS 45 - VINILTEX PRO 650 BLANCO - PINTUCO .pdf,3,1,2,1,1,641,"image,ocr,table,text",5,3,6684
pintuco__fds-45-viniltex-pro-650-blanco-pintuco__sec04__chunk01,pintuco__fds-45-viniltex-pro-650-blanco-pintuco,Pintuco,VINILTEX PRO 650 BLANCO,FDS 45 - VINILTEX PRO 650 BLANCO - PINTUCO .pdf,4,2,2,1,1,814,"table,text",1,0,5740
pintuco__fds-45-viniltex-pro-650-blanco-pintuco__sec05__chunk01,pintuco__fds-45-viniltex-pro-650-blanco-pintuco,Pintuco,VINILTEX PRO 650 BLANCO,FDS 45 - VINILTEX PRO 650 BLANCO - PINTUCO .pdf,5,2,3,1,2,826,"image,ocr,table,text",2,1,6844
pintuco__fds-45-viniltex-pro-650-blanco-pintuco__sec05__chunk02,pintuco__fds-45-viniltex-pro-650-blanco-pintuco,Pintuco,VINILTEX PRO 650 BLANCO,FDS 45 - VINILTEX PRO 650 BLANCO - PINTUCO .pdf,5,2,3,2,2,140,"image,ocr,table,text",2,1,1412
pintuco__fds-45-viniltex-pro-650-blanco-pintuco__sec06__chunk01,pintuco__fds-45-viniltex-pro-650-blanco-pintuco,Pintuco,VINILTEX PRO 650 BLANCO,FDS 45 - VINILTEX PRO 650 BLANCO - PINTUCO .pdf,6,3,3,1,1,715,"image,ocr,table,text",1,1,5618
pintuco__fds-45-viniltex-pro-650-blanco-pintuco__sec07__chunk01,pintuco__fds-45-viniltex-pro-650-blanco-pintuco,Pintuco,VINILTEX PRO 650 BLANCO,FDS 45 - VINILTEX PRO 650 BLANCO - PINTUCO .pdf,7,3,4,1,2,355,"image,ocr,table,text",4,1,2479
pintuco__fds-45-viniltex-pro-650-blanco-pintuco__sec07__chunk02,pintuco__fds-45-viniltex-pro-650-blanco-pintuco,Pintuco,VINILTEX PRO 650 BLANCO,FDS 45 - VINILTEX PRO 650 BLANCO - PINTUCO .pdf,7,3,4,2,2,818,"image,ocr,table,text",4,1,7306
pintuco__fds-45-viniltex-pro-650-blanco-pintuco__sec08__chunk01,pintuco__fds-45-viniltex-pro-650-blanco-pintuco,Pintuco,VINILTEX PRO 650 BLANCO,FDS 45 - VINILTEX PRO 650 BLANCO - PINTUCO .pdf,8,4,5,1,4,716,"image,ocr,table,text",11,10,4883
pintuco__fds-45-viniltex-pro-650-blanco-pintuco__sec08__chunk02,pintuco__fds-45-viniltex-pro-650-blanco-pintuco,Pintuco,VINILTEX PRO 650 BLANCO,FDS 45 - VINILTEX PRO 650 BLANCO - PINTUCO .pdf,8,4,5,2,4,882,"image,ocr,table,text",11,10,7602
pintuco__fds-45-viniltex-pro-650-blanco-pintuco__sec08__chunk03,pintuco__fds-45-viniltex-pro-650-blanco-pintuco,Pintuco,VINILTEX PRO 650 BLANCO,FDS 45 - VINILTEX PRO 650 BLANCO - PINTUCO .pdf,8,4,5,3,4,845,"image,ocr,table,text",11,10,8081
pintuco__fds-45-viniltex-pro-650-blanco-pintuco__sec08__chunk04,pintuco__fds-45-viniltex-pro-650-blanco-pintuco,Pintuco,VINILTEX PRO 650 BLANCO,FDS 45 - VINILTEX PRO 650 BLANCO - PINTUCO .pdf,8,4,5,4,4,539,"image,ocr,table,text",11,10,7231
pintuco__fds-45-viniltex-pro-650-blanco-pintuco__sec09__chunk01,pintuco__fds-45-viniltex-pro-650-blanco-pintuco,Pintuco,VINILTEX PRO 650 BLANCO,FDS 45 - VINILTEX PRO 650 BLANCO - PINTUCO .pdf,9,5,6,1,2,708,"image,ocr,table,text",2,2,5833
pintuco__fds-45-viniltex-pro-650-blanco-pintuco__sec09__chunk02,pintuco__fds-45-viniltex-pro-650-blanco-pintuco,Pintuco,VINILTEX PRO 650 BLANCO,FDS 45 - VINILTEX PRO 650 BLANCO - PINTUCO .pdf,9,5,6,2,2,424,"image,ocr,table,text",2,2,4571
pintuco__fds-45-viniltex-pro-650-blanco-pintuco__sec10__chunk01,pintuco__fds-45-viniltex-pro-650-blanco-pintuco,Pintuco,VINILTEX PRO 650 BLANCO,FDS 45 - VINILTEX PRO 650 BLANCO - PINTUCO .pdf,10,6,6,1,1,487,"table,text",1,0,4647
pintuco__fds-45-viniltex-pro-650-blanco-pintuco__sec11__chunk01,pintuco__fds-45-viniltex-pro-650-blanco-pintuco,Pintuco,VINILTEX PRO 650 BLANCO,FDS 45 - VINILTEX PRO 650 BLANCO - PINTUCO .pdf,11,6,8,1,5,809,"image,ocr,table,text",4,2,5259
pintuco__fds-45-viniltex-pro-650-blanco-pintuco__sec11__chunk02,pintuco__fds-45-viniltex-pro-650-blanco-pintuco,Pintuco,VINILTEX PRO 650 BLANCO,FDS 45 - VINILTEX PRO 650 BLANCO - PINTUCO .pdf,11,6,8,2,5,185,"image,ocr,table,text",4,2,1517
pintuco__fds-45-viniltex-pro-650-blanco-pintuco__sec11__chunk03,pintuco__fds-45-viniltex-pro-650-blanco-pintuco,Pintuco,VINILTEX PRO 650 BLANCO,FDS 45 - VINILTEX PRO 650 BLANCO - PINTUCO .pdf,11,6,8,3,5,850,"image,ocr,table,text",4,2,6138
pintuco__fds-45-viniltex-pro-650-blanco-pintuco__sec11__chunk04,pintuco__fds-45-viniltex-pro-650-blanco-pintuco,Pintuco,VINILTEX PRO 650 BLANCO,FDS 45 - VINILTEX PRO 650 BLANCO - PINTUCO .pdf,11,6,8,4,5,533,"image,ocr,table,text",4,2,3831
pintuco__fds-45-viniltex-pro-650-blanco-pintuco__sec11__chunk05,pintuco__fds-45-viniltex-pro-650-blanco-pintuco,Pintuco,VINILTEX PRO 650 BLANCO,FDS 45 - VINILTEX PRO 650 BLANCO - PINTUCO .pdf,11,6,8,5,5,212,"image,ocr,table,text",4,2,2913
pintuco__fds-45-viniltex-pro-650-blanco-pintuco__sec12__chunk01,pintuco__fds-45-viniltex-pro-650-blanco-pintuco,Pintuco,VINILTEX PRO 650 BLANCO,FDS 45 - VINILTEX PRO 650 BLANCO - PINTUCO .pdf,12,8,8,1,1,788,"image,ocr,table,text",5,1,9655
pintuco__fds-45-viniltex-pro-650-blanco-pintuco__sec13__chunk01,pintuco__fds-45-viniltex-pro-650-blanco-pintuco,Pintuco,VINILTEX PRO 650 BLANCO,FDS 45 - VINILTEX PRO 650 BLANCO - PINTUCO .pdf,13,8,9,1,1,470,"image,ocr,table,text",3,1,3991
pintuco__fds-45-viniltex-pro-650-blanco-pintuco__sec14__chunk01,pintuco__fds-45-viniltex-pro-650-blanco-pintuco,Pintuco,VINILTEX PRO 650 BLANCO,FDS 45 - VINILTEX PRO 650 BLANCO - PINTUCO .pdf,14,9,9,1,1,112,"image,ocr,table,text",1,1,1157
pintuco__fds-45-viniltex-pro-650-blanco-pintuco__sec15__chunk01,pintuco__fds-45-viniltex-pro-650-blanco-pintuco,Pintuco,VINILTEX PRO 650 BLANCO,FDS 45 - VINILTEX PRO 650 BLANCO - PINTUCO .pdf,15,9,9,1,2,442,"table,text",1,0,2892
pintuco__fds-45-viniltex-pro-650-blanco-pintuco__sec15__chunk02,pintuco__fds-45-viniltex-pro-650-blanco-pintuco,Pintuco,VINILTEX PRO 650 BLANCO,FDS 45 - VINILTEX PRO 650 BLANCO - PINTUCO .pdf,15,9,9,2,2,924,"table,text",1,0,6752
pintuco__fds-45-viniltex-pro-650-blanco-pintuco__sec16__chunk01,pintuco__fds-45-viniltex-pro-650-blanco-pintuco,Pintuco,VINILTEX PRO 650 BLANCO,FDS 45 - VINILTEX PRO 650 BLANCO - PINTUCO .pdf,16,9,10,1,4,655,"image,ocr,table,text",4,2,4287
pintuco__fds-45-viniltex-pro-650-blanco-pintuco__sec16__chunk02,pintuco__fds-45-viniltex-pro-650-blanco-pintuco,Pintuco,VINILTEX PRO 650 BLANCO,FDS 45 - VINILTEX PRO 650 BLANCO - PINTUCO .pdf,16,9,10,2,4,345,"image,ocr,table,text",4,2,2658
pintuco__fds-45-viniltex-pro-650-blanco-pintuco__sec16__chunk03,pintuco__fds-45-viniltex-pro-650-blanco-pintuco,Pintuco,VINILTEX PRO 650 BLANCO,FDS 45 - VINILTEX PRO 650 BLANCO - PINTUCO .pdf,16,9,10,3,4,735,"image,ocr,table,text",4,2,5975
pintuco__fds-45-viniltex-pro-650-blanco-pintuco__sec16__chunk04,pintuco__fds-45-viniltex-pro-650-blanco-pintuco,Pintuco,VINILTEX PRO 650 BLANCO,FDS 45 - VINILTEX PRO 650 BLANCO - PINTUCO .pdf,16,9,10,4,4,365,"image,ocr,table,text",4,2,3280
pintuco__fds-46-esgrafiado-blanco-30401-pintuco__sec01__chunk01,pintuco__fds-46-esgrafiado-blanco-30401-pintuco,Pintuco,ESGRAFIADO BLANCO 30401,FDS 46 - ESGRAFIADO BLANCO 30401 - PINTUCO .pdf,1,1,1,1,1,378,"image,ocr,table,text",1,2,3735
pintuco__fds-46-esgrafiado-blanco-30401-pintuco__sec02__chunk01,pintuco__fds-46-esgrafiado-blanco-30401-pintuco,Pintuco,ESGRAFIADO BLANCO 30401,FDS 46 - ESGRAFIADO BLANCO 30401 - PINTUCO .pdf,2,1,1,1,1,293,"table,text",1,0,2295
pintuco__fds-46-esgrafiado-blanco-30401-pintuco__sec03__chunk01,pintuco__fds-46-esgrafiado-blanco-30401-pintuco,Pintuco,ESGRAFIADO BLANCO 30401,FDS 46 - ESGRAFIADO BLANCO 30401 - PINTUCO .pdf,3,1,1,1,1,473,"image,ocr,table,text",4,1,4555
pintuco__fds-46-esgrafiado-blanco-30401-pintuco__sec04__chunk01,pintuco__fds-46-esgrafiado-blanco-30401-pintuco,Pintuco,ESGRAFIADO BLANCO 30401,FDS 46 - ESGRAFIADO BLANCO 30401 - PINTUCO .pdf,4,1,2,1,2,480,"image,ocr,table,text",2,2,3489
pintuco__fds-46-esgrafiado-blanco-30401-pintuco__sec04__chunk02,pintuco__fds-46-esgrafiado-blanco-30401-pintuco,Pintuco,ESGRAFIADO BLANCO 30401,FDS 46 - ESGRAFIADO BLANCO 30401 - PINTUCO .pdf,4,1,2,2,2,568,"image,ocr,table,text",2,2,4859
pintuco__fds-46-esgrafiado-blanco-30401-pintuco__sec05__chunk01,pintuco__fds-46-esgrafiado-blanco-30401-pintuco,Pintuco,ESGRAFIADO BLANCO 30401,FDS 46 - ESGRAFIADO BLANCO 30401 - PINTUCO .pdf,5,2,2,1,1,590,"table,text",1,0,4842
pintuco__fds-46-esgrafiado-blanco-30401-pintuco__sec06__chunk01,pintuco__fds-46-esgrafiado-blanco-30401-pintuco,Pintuco,ESGRAFIADO BLANCO 30401,FDS 46 - ESGRAFIADO BLANCO 30401 - PINTUCO .pdf,6,2,3,1,1,537,"image,ocr,table,text",1,1,4299
pintuco__fds-46-esgrafiado-blanco-30401-pintuco__sec07__chunk01,pintuco__fds-46-esgrafiado-blanco-30401-pintuco,Pintuco,ESGRAFIADO BLANCO 30401,FDS 46 - ESGRAFIADO BLANCO 30401 - PINTUCO .pdf,7,3,3,1,1,827,"table,text",2,0,6754
pintuco__fds-46-esgrafiado-blanco-30401-pintuco__sec08__chunk01,pintuco__fds-46-esgrafiado-blanco-30401-pintuco,Pintuco,ESGRAFIADO BLANCO 30401,FDS 46 - ESGRAFIADO BLANCO 30401 - PINTUCO .pdf,8,3,4,1,4,641,"image,ocr,table,text",10,9,4296
pintuco__fds-46-esgrafiado-blanco-30401-pintuco__sec08__chunk02,pintuco__fds-46-esgrafiado-blanco-30401-pintuco,Pintuco,ESGRAFIADO BLANCO 30401,FDS 46 - ESGRAFIADO BLANCO 30401 - PINTUCO .pdf,8,3,4,2,4,701,"image,ocr,table,text",10,9,6078
pintuco__fds-46-esgrafiado-blanco-30401-pintuco__sec08__chunk03,pintuco__fds-46-esgrafiado-blanco-30401-pintuco,Pintuco,ESGRAFIADO BLANCO 30401,FDS 46 - ESGRAFIADO BLANCO 30401 - PINTUCO .pdf,8,3,4,3,4,817,"image,ocr,table,text",10,9,7452
pintuco__fds-46-esgrafiado-blanco-30401-pintuco__sec08__chunk04,pintuco__fds-46-esgrafiado-blanco-30401-pintuco,Pintuco,ESGRAFIADO BLANCO 30401,FDS 46 - ESGRAFIADO BLANCO 30401 - PINTUCO .pdf,8,3,4,4,4,634,"image,ocr,table,text",10,9,7895
pintuco__fds-46-esgrafiado-blanco-30401-pintuco__sec09__chunk01,pintuco__fds-46-esgrafiado-blanco-30401-pintuco,Pintuco,ESGRAFIADO BLANCO 30401,FDS 46 - ESGRAFIADO BLANCO 30401 - PINTUCO .pdf,9,4,5,1,2,481,"image,ocr,table,text",3,2,3647
pintuco__fds-46-esgrafiado-blanco-30401-pintuco__sec09__chunk02,pintuco__fds-46-esgrafiado-blanco-30401-pintuco,Pintuco,ESGRAFIADO BLANCO 30401,FDS 46 - ESGRAFIADO BLANCO 30401 - PINTUCO .pdf,9,4,5,2,2,552,"image,ocr,table,text",3,2,5991
pintuco__fds-46-esgrafiado-blanco-30401-pintuco__sec10__chunk01,pintuco__fds-46-esgrafiado-blanco-30401-pintuco,Pintuco,ESGRAFIADO BLANCO 30401,FDS 46 - ESGRAFIADO BLANCO 30401 - PINTUCO .pdf,10,5,6,1,1,754,"image,ocr,table,text",4,3,7767
pintuco__fds-46-esgrafiado-blanco-30401-pintuco__sec11__chunk01,pintuco__fds-46-esgrafiado-blanco-30401-pintuco,Pintuco,ESGRAFIADO BLANCO 30401,FDS 46 - ESGRAFIADO BLANCO 30401 - PINTUCO .pdf,11,6,7,1,4,827,"image,ocr,table,text",2,1,5441
pintuco__fds-46-esgrafiado-blanco-30401-pintuco__sec11__chunk02,pintuco__fds-46-esgrafiado-blanco-30401-pintuco,Pintuco,ESGRAFIADO BLANCO 30401,FDS 46 - ESGRAFIADO BLANCO 30401 - PINTUCO .pdf,11,6,7,2,4,850,"image,ocr,table,text",2,1,6183
pintuco__fds-46-esgrafiado-blanco-30401-pintuco__sec11__chunk03,pintuco__fds-46-esgrafiado-blanco-30401-pintuco,Pintuco,ESGRAFIADO BLANCO 30401,FDS 46 - ESGRAFIADO BLANCO 30401 - PINTUCO .pdf,11,6,7,3,4,276,"image,ocr,table,text",2,1,2007
pintuco__fds-46-esgrafiado-blanco-30401-pintuco__sec11__chunk04,pintuco__fds-46-esgrafiado-blanco-30401-pintuco,Pintuco,ESGRAFIADO BLANCO 30401,FDS 46 - ESGRAFIADO BLANCO 30401 - PINTUCO .pdf,11,6,7,4,4,499,"image,ocr,table,text",2,1,4385
pintuco__fds-46-esgrafiado-blanco-30401-pintuco__sec12__chunk01,pintuco__fds-46-esgrafiado-blanco-30401-pintuco,Pintuco,ESGRAFIADO BLANCO 30401,FDS 46 - ESGRAFIADO BLANCO 30401 - PINTUCO .pdf,12,7,7,1,1,174,"table,text",1,0,1761
pintuco__fds-46-esgrafiado-blanco-30401-pintuco__sec13__chunk01,pintuco__fds-46-esgrafiado-blanco-30401-pintuco,Pintuco,ESGRAFIADO BLANCO 30401,FDS 46 - ESGRAFIADO BLANCO 30401 - PINTUCO .pdf,13,7,7,1,1,352,"table,text",2,0,2786
pintuco__fds-46-esgrafiado-blanco-30401-pintuco__sec14__chunk01,pintuco__fds-46-esgrafiado-blanco-30401-pintuco,Pintuco,ESGRAFIADO BLANCO 30401,FDS 46 - ESGRAFIADO BLANCO 30401 - PINTUCO .pdf,14,7,8,1,1,214,"image,ocr,table,text",3,1,2086
pintuco__fds-46-esgrafiado-blanco-30401-pintuco__sec15__chunk01,pintuco__fds-46-esgrafiado-blanco-30401-pintuco,Pintuco,ESGRAFIADO BLANCO 30401,FDS 46 - ESGRAFIADO BLANCO 30401 - PINTUCO .pdf,15,8,8,1,3,440,"image,ocr,table,text",1,1,2877
pintuco__fds-46-esgrafiado-blanco-30401-pintuco__sec15__chunk02,pintuco__fds-46-esgrafiado-blanco-30401-pintuco,Pintuco,ESGRAFIADO BLANCO 30401,FDS 46 - ESGRAFIADO BLANCO 30401 - PINTUCO .pdf,15,8,8,2,3,922,"image,ocr,table,text",1,1,6722
pintuco__fds-46-esgrafiado-blanco-30401-pintuco__sec15__chunk03,pintuco__fds-46-esgrafiado-blanco-30401-pintuco,Pintuco,ESGRAFIADO BLANCO 30401,FDS 46 - ESGRAFIADO BLANCO 30401 - PINTUCO .pdf,15,8,8,3,3,141,"image,ocr,table,text",1,1,1315
pintuco__fds-46-esgrafiado-blanco-30401-pintuco__sec16__chunk01,pintuco__fds-46-esgrafiado-blanco-30401-pintuco,Pintuco,ESGRAFIADO BLANCO 30401,FDS 46 - ESGRAFIADO BLANCO 30401 - PINTUCO .pdf,16,8,9,1,2,827,"image,ocr,table,text",4,2,6071
pintuco__fds-46-esgrafiado-blanco-30401-pintuco__sec16__chunk02,pintuco__fds-46-esgrafiado-blanco-30401-pintuco,Pintuco,ESGRAFIADO BLANCO 30401,FDS 46 - ESGRAFIADO BLANCO 30401 - PINTUCO .pdf,16,8,9,2,2,705,"image,ocr,table,text",4,2,6336
pintuco__fds-50-pintura-epoxica-base-solvente-blanco-13580-pintuco__sec01__chunk01,pintuco__fds-50-pintura-epoxica-base-solvente-blanco-13580-pintuco,Pintuco,PINTURA EPOXICA BASE SOLVENTE BLANCO 13580,FDS 50 - PINTURA EPOXICA BASE SOLVENTE BLANCO 13580 - PINTUCO .pdf,1,1,1,1,1,390,"image,ocr,table,text",1,2,4001
pintuco__fds-50-pintura-epoxica-base-solvente-blanco-13580-pintuco__sec02__chunk01,pintuco__fds-50-pintura-epoxica-base-solvente-blanco-13580-pintuco,Pintuco,PINTURA EPOXICA BASE SOLVENTE BLANCO 13580,FDS 50 - PINTURA EPOXICA BASE SOLVENTE BLANCO 13580 - PINTUCO .pdf,2,1,2,1,3,385,"image,ocr,table,text",2,4,2479
pintuco__fds-50-pintura-epoxica-base-solvente-blanco-13580-pintuco__sec02__chunk02,pintuco__fds-50-pintura-epoxica-base-solvente-blanco-13580-pintuco,Pintuco,PINTURA EPOXICA BASE SOLVENTE BLANCO 13580,FDS 50 - PINTURA EPOXICA BASE SOLVENTE BLANCO 13580 - PINTUCO .pdf,2,1,2,2,3,839,"image,ocr,table,text",2,4,7374
pintuco__fds-50-pintura-epoxica-base-solvente-blanco-13580-pintuco__sec02__chunk03,pintuco__fds-50-pintura-epoxica-base-solvente-blanco-13580-pintuco,Pintuco,PINTURA EPOXICA BASE SOLVENTE BLANCO 13580,FDS 50 - PINTURA EPOXICA BASE SOLVENTE BLANCO 13580 - PINTUCO .pdf,2,1,2,3,3,180,"image,ocr,table,text",2,4,2852
pintuco__fds-50-pintura-epoxica-base-solvente-blanco-13580-pintuco__sec03__chunk01,pintuco__fds-50-pintura-epoxica-base-solvente-blanco-13580-pintuco,Pintuco,PINTURA EPOXICA BASE SOLVENTE BLANCO 13580,FDS 50 - PINTURA EPOXICA BASE SOLVENTE BLANCO 13580 - PINTUCO .pdf,3,2,2,1,1,598,"image,ocr,table,text",4,2,6455
pintuco__fds-50-pintura-epoxica-base-solvente-blanco-13580-pintuco__sec04__chunk01,pintuco__fds-50-pintura-epoxica-base-solvente-blanco-13580-pintuco,Pintuco,PINTURA EPOXICA BASE SOLVENTE BLANCO 13580,FDS 50 - PINTURA EPOXICA BASE SOLVENTE BLANCO 13580 - PINTUCO .pdf,4,2,2,1,2,360,"table,text",1,0,2237
pintuco__fds-50-pintura-epoxica-base-solvente-blanco-13580-pintuco__sec04__chunk02,pintuco__fds-50-pintura-epoxica-base-solvente-blanco-13580-pintuco,Pintuco,PINTURA EPOXICA BASE SOLVENTE BLANCO 13580,FDS 50 - PINTURA EPOXICA BASE SOLVENTE BLANCO 13580 - PINTUCO .pdf,4,2,2,2,2,760,"table,text",1,0,5442
pintuco__fds-50-pintura-epoxica-base-solvente-blanco-13580-pintuco__sec05__chunk01,pintuco__fds-50-pintura-epoxica-base-solvente-blanco-13580-pintuco,Pintuco,PINTURA EPOXICA BASE SOLVENTE BLANCO 13580,FDS 50 - PINTURA EPOXICA BASE SOLVENTE BLANCO 13580 - PINTUCO .pdf,5,2,3,1,1,762,"image,ocr,table,text",3,2,7003
pintuco__fds-50-pintura-epoxica-base-solvente-blanco-13580-pintuco__sec06__chunk01,pintuco__fds-50-pintura-epoxica-base-solvente-blanco-13580-pintuco,Pintuco,PINTURA EPOXICA BASE SOLVENTE BLANCO 13580,FDS 50 - PINTURA EPOXICA BASE SOLVENTE BLANCO 13580 - PINTUCO .pdf,6,3,3,1,1,726,"table,text",2,0,5506
pintuco__fds-50-pintura-epoxica-base-solvente-blanco-13580-pintuco__sec07__chunk01,pintuco__fds-50-pintura-epoxica-base-solvente-blanco-13580-pintuco,Pintuco,PINTURA EPOXICA BASE SOLVENTE BLANCO 13580,FDS 50 - PINTURA EPOXICA BASE SOLVENTE BLANCO 13580 - PINTUCO .pdf,7,3,4,1,2,565,"image,ocr,table,text",4,1,4298
pintuco__fds-50-pintura-epoxica-base-solvente-blanco-13580-pintuco__sec07__chunk02,pintuco__fds-50-pintura-epoxica-base-solvente-blanco-13580-pintuco,Pintuco,PINTURA EPOXICA BASE SOLVENTE BLANCO 13580,FDS 50 - PINTURA EPOXICA BASE SOLVENTE BLANCO 13580 - PINTUCO .pdf,7,3,4,2,2,755,"image,ocr,table,text",4,1,7062
pintuco__fds-50-pintura-epoxica-base-solvente-blanco-13580-pintuco__sec08__chunk01,pintuco__fds-50-pintura-epoxica-base-solvente-blanco-13580-pintuco,Pintuco,PINTURA EPOXICA BASE SOLVENTE BLANCO 13580,FDS 50 - PINTURA EPOXICA BASE SOLVENTE BLANCO 13580 - PINTUCO .pdf,8,4,6,1,5,825,"image,ocr,table,text",14,12,5574
pintuco__fds-50-pintura-epoxica-base-solvente-blanco-13580-pintuco__sec08__chunk02,pintuco__fds-50-pintura-epoxica-base-solvente-blanco-13580-pintuco,Pintuco,PINTURA EPOXICA BASE SOLVENTE BLANCO 13580,FDS 50 - PINTURA EPOXICA BASE SOLVENTE BLANCO 13580 - PINTUCO .pdf,8,4,6,2,5,465,"image,ocr,table,text",14,12,5763
pintuco__fds-50-pintura-epoxica-base-solvente-blanco-13580-pintuco__sec08__chunk03,pintuco__fds-50-pintura-epoxica-base-solvente-blanco-13580-pintuco,Pintuco,PINTURA EPOXICA BASE SOLVENTE BLANCO 13580,FDS 50 - PINTURA EPOXICA BASE SOLVENTE BLANCO 13580 - PINTUCO .pdf,8,4,6,3,5,941,"image,ocr,table,text",14,12,8810
pintuco__fds-50-pintura-epoxica-base-solvente-blanco-13580-pintuco__sec08__chunk04,pintuco__fds-50-pintura-epoxica-base-solvente-blanco-13580-pintuco,Pintuco,PINTURA EPOXICA BASE SOLVENTE BLANCO 13580,FDS 50 - PINTURA EPOXICA BASE SOLVENTE BLANCO 13580 - PINTUCO .pdf,8,4,6,4,5,844,"image,ocr,table,text",14,12,9568
pintuco__fds-50-pintura-epoxica-base-solvente-blanco-13580-pintuco__sec08__chunk05,pintuco__fds-50-pintura-epoxica-base-solvente-blanco-13580-pintuco,Pintuco,PINTURA EPOXICA BASE SOLVENTE BLANCO 13580,FDS 50 - PINTURA EPOXICA BASE SOLVENTE BLANCO 13580 - PINTUCO .pdf,8,4,6,5,5,458,"image,ocr,table,text",14,12,7457
pintuco__fds-50-pintura-epoxica-base-solvente-blanco-13580-pintuco__sec09__chunk01,pintuco__fds-50-pintura-epoxica-base-solvente-blanco-13580-pintuco,Pintuco,PINTURA EPOXICA BASE SOLVENTE BLANCO 13580,FDS 50 - PINTURA EPOXICA BASE SOLVENTE BLANCO 13580 - PINTUCO .pdf,9,6,7,1,2,708,"image,ocr,table,text",3,2,5890
pintuco__fds-50-pintura-epoxica-base-solvente-blanco-13580-pintuco__sec09__chunk02,pintuco__fds-50-pintura-epoxica-base-solvente-blanco-13580-pintuco,Pintuco,PINTURA EPOXICA BASE SOLVENTE BLANCO 13580,FDS 50 - PINTURA EPOXICA BASE SOLVENTE BLANCO 13580 - PINTUCO .pdf,9,6,7,2,2,374,"image,ocr,table,text",3,2,4560
pintuco__fds-50-pintura-epoxica-base-solvente-blanco-13580-pintuco__sec10__chunk01,pintuco__fds-50-pintura-epoxica-base-solvente-blanco-13580-pintuco,Pintuco,PINTURA EPOXICA BASE SOLVENTE BLANCO 13580,FDS 50 - PINTURA EPOXICA BASE SOLVENTE BLANCO 13580 - PINTUCO .pdf,10,7,7,1,1,501,"table,text",1,0,4782
pintuco__fds-50-pintura-epoxica-base-solvente-blanco-13580-pintuco__sec11__chunk01,pintuco__fds-50-pintura-epoxica-base-solvente-blanco-13580-pintuco,Pintuco,PINTURA EPOXICA BASE SOLVENTE BLANCO 13580,FDS 50 - PINTURA EPOXICA BASE SOLVENTE BLANCO 13580 - PINTUCO .pdf,11,7,9,1,5,808,"image,ocr,table,text",5,3,5414
pintuco__fds-50-pintura-epoxica-base-solvente-blanco-13580-pintuco__sec11__chunk02,pintuco__fds-50-pintura-epoxica-base-solvente-blanco-13580-pintuco,Pintuco,PINTURA EPOXICA BASE SOLVENTE BLANCO 13580,FDS 50 - PINTURA EPOXICA BASE SOLVENTE BLANCO 13580 - PINTUCO .pdf,11,7,9,2,5,411,"image,ocr,table,text",5,3,3167
pintuco__fds-50-pintura-epoxica-base-solvente-blanco-13580-pintuco__sec11__chunk03,pintuco__fds-50-pintura-epoxica-base-solvente-blanco-13580-pintuco,Pintuco,PINTURA EPOXICA BASE SOLVENTE BLANCO 13580,FDS 50 - PINTURA EPOXICA BASE SOLVENTE BLANCO 13580 - PINTUCO .pdf,11,7,9,3,5,850,"image,ocr,table,text",5,3,6612
pintuco__fds-50-pintura-epoxica-base-solvente-blanco-13580-pintuco__sec11__chunk04,pintuco__fds-50-pintura-epoxica-base-solvente-blanco-13580-pintuco,Pintuco,PINTURA EPOXICA BASE SOLVENTE BLANCO 13580,FDS 50 - PINTURA EPOXICA BASE SOLVENTE BLANCO 13580 - PINTUCO .pdf,11,7,9,4,5,479,"image,ocr,table,text",5,3,3707
pintuco__fds-50-pintura-epoxica-base-solvente-blanco-13580-pintuco__sec11__chunk05,pintuco__fds-50-pintura-epoxica-base-solvente-blanco-13580-pintuco,Pintuco,PINTURA EPOXICA BASE SOLVENTE BLANCO 13580,FDS 50 - PINTURA EPOXICA BASE SOLVENTE BLANCO 13580 - PINTUCO .pdf,11,7,9,5,5,319,"image,ocr,table,text",5,3,4790
pintuco__fds-50-pintura-epoxica-base-solvente-blanco-13580-pintuco__sec12__chunk01,pintuco__fds-50-pintura-epoxica-base-solvente-blanco-13580-pintuco,Pintuco,PINTURA EPOXICA BASE SOLVENTE BLANCO 13580,FDS 50 - PINTURA EPOXICA BASE SOLVENTE BLANCO 13580 - PINTUCO .pdf,12,9,11,1,2,829,"image,ocr,table,text",10,4,8211
pintuco__fds-50-pintura-epoxica-base-solvente-blanco-13580-pintuco__sec12__chunk02,pintuco__fds-50-pintura-epoxica-base-solvente-blanco-13580-pintuco,Pintuco,PINTURA EPOXICA BASE SOLVENTE BLANCO 13580,FDS 50 - PINTURA EPOXICA BASE SOLVENTE BLANCO 13580 - PINTUCO .pdf,12,9,11,2,2,829,"image,ocr,table,text",10,4,14065
pintuco__fds-50-pintura-epoxica-base-solvente-blanco-13580-pintuco__sec13__chunk01,pintuco__fds-50-pintura-epoxica-base-solvente-blanco-13580-pintuco,Pintuco,PINTURA EPOXICA BASE SOLVENTE BLANCO 13580,FDS 50 - PINTURA EPOXICA BASE SOLVENTE BLANCO 13580 - PINTUCO .pdf,13,11,11,1,1,320,"table,text",1,0,2497
pintuco__fds-50-pintura-epoxica-base-solvente-blanco-13580-pintuco__sec14__chunk01,pintuco__fds-50-pintura-epoxica-base-solvente-blanco-13580-pintuco,Pintuco,PINTURA EPOXICA BASE SOLVENTE BLANCO 13580,FDS 50 - PINTURA EPOXICA BASE SOLVENTE BLANCO 13580 - PINTUCO .pdf,14,11,12,1,1,844,"image,ocr,table,text",3,4,10011
pintuco__fds-50-pintura-epoxica-base-solvente-blanco-13580-pintuco__sec15__chunk01,pintuco__fds-50-pintura-epoxica-base-solvente-blanco-13580-pintuco,Pintuco,PINTURA EPOXICA BASE SOLVENTE BLANCO 13580,FDS 50 - PINTURA EPOXICA BASE SOLVENTE BLANCO 13580 - PINTUCO .pdf,15,12,13,1,2,699,"image,ocr,table,text",3,2,5098
pintuco__fds-50-pintura-epoxica-base-solvente-blanco-13580-pintuco__sec15__chunk02,pintuco__fds-50-pintura-epoxica-base-solvente-blanco-13580-pintuco,Pintuco,PINTURA EPOXICA BASE SOLVENTE BLANCO 13580,FDS 50 - PINTURA EPOXICA BASE SOLVENTE BLANCO 13580 - PINTUCO .pdf,15,12,13,2,2,846,"image,ocr,table,text",3,2,7141
pintuco__fds-50-pintura-epoxica-base-solvente-blanco-13580-pintuco__sec16__chunk01,pintuco__fds-50-pintura-epoxica-base-solvente-blanco-13580-pintuco,Pintuco,PINTURA EPOXICA BASE SOLVENTE BLANCO 13580,FDS 50 - PINTURA EPOXICA BASE SOLVENTE BLANCO 13580 - PINTUCO .pdf,16,13,14,1,3,666,"image,ocr,table,text",4,2,4335
pintuco__fds-50-pintura-epoxica-base-solvente-blanco-13580-pintuco__sec16__chunk02,pintuco__fds-50-pintura-epoxica-base-solvente-blanco-13580-pintuco,Pintuco,PINTURA EPOXICA BASE SOLVENTE BLANCO 13580,FDS 50 - PINTURA EPOXICA BASE SOLVENTE BLANCO 13580 - PINTUCO .pdf,16,13,14,2,3,806,"image,ocr,table,text",4,2,5906
pintuco__fds-50-pintura-epoxica-base-solvente-blanco-13580-pintuco__sec16__chunk03,pintuco__fds-50-pintura-epoxica-base-solvente-blanco-13580-pintuco,Pintuco,PINTURA EPOXICA BASE SOLVENTE BLANCO 13580,FDS 50 - PINTURA EPOXICA BASE SOLVENTE BLANCO 13580 - PINTUCO .pdf,16,13,14,3,3,571,"image,ocr,table,text",4,2,5844
pintuco__fds-57-acrolatex-50-3508-pintuco__sec01__chunk01,pintuco__fds-57-acrolatex-50-3508-pintuco,Pintuco,ACROLATEX 50 3508,FDS 57 - ACROLATEX 50 3508 - PINTUCO.pdf,1,1,1,1,1,365,"image,ocr,table,text",1,2,3542
pintuco__fds-57-acrolatex-50-3508-pintuco__sec02__chunk01,pintuco__fds-57-acrolatex-50-3508-pintuco,Pintuco,ACROLATEX 50 3508,FDS 57 - ACROLATEX 50 3508 - PINTUCO.pdf,2,1,1,1,1,685,"image,ocr,table,text",1,2,5829
pintuco__fds-57-acrolatex-50-3508-pintuco__sec03__chunk01,pintuco__fds-57-acrolatex-50-3508-pintuco,Pintuco,ACROLATEX 50 3508,FDS 57 - ACROLATEX 50 3508 - PINTUCO.pdf,3,1,2,1,1,483,"image,ocr,table,text",5,1,4598
pintuco__fds-57-acrolatex-50-3508-pintuco__sec04__chunk01,pintuco__fds-57-acrolatex-50-3508-pintuco,Pintuco,ACROLATEX 50 3508,FDS 57 - ACROLATEX 50 3508 - PINTUCO.pdf,4,2,2,1,2,330,"image,ocr,table,text",1,1,2032
pintuco__fds-57-acrolatex-50-3508-pintuco__sec04__chunk02,pintuco__fds-57-acrolatex-50-3508-pintuco,Pintuco,ACROLATEX 50 3508,FDS 57 - ACROLATEX 50 3508 - PINTUCO.pdf,4,2,2,2,2,751,"image,ocr,table,text",1,1,5582
pintuco__fds-57-acrolatex-50-3508-pintuco__sec05__chunk01,pintuco__fds-57-acrolatex-50-3508-pintuco,Pintuco,ACROLATEX 50 3508,FDS 57 - ACROLATEX 50 3508 - PINTUCO.pdf,5,2,3,1,1,764,"image,ocr,table,text",3,1,6506
pintuco__fds-57-acrolatex-50-3508-pintuco__sec06__chunk01,pintuco__fds-57-acrolatex-50-3508-pintuco,Pintuco,ACROLATEX 50 3508,FDS 57 - ACROLATEX 50 3508 - PINTUCO.pdf,6,3,3,1,1,733,"image,ocr,table,text",1,1,5636
pintuco__fds-57-acrolatex-50-3508-pintuco__sec07__chunk01,pintuco__fds-57-acrolatex-50-3508-pintuco,Pintuco,ACROLATEX 50 3508,FDS 57 - ACROLATEX 50 3508 - PINTUCO.pdf,7,3,4,1,2,822,"image,ocr,table,text",5,1,6536
pintuco__fds-57-acrolatex-50-3508-pintuco__sec07__chunk02,pintuco__fds-57-acrolatex-50-3508-pintuco,Pintuco,ACROLATEX 50 3508,FDS 57 - ACROLATEX 50 3508 - PINTUCO.pdf,7,3,4,2,2,319,"image,ocr,table,text",5,1,3310
pintuco__fds-57-acrolatex-50-3508-pintuco__sec08__chunk01,pintuco__fds-57-acrolatex-50-3508-pintuco,Pintuco,ACROLATEX 50 3508,FDS 57 - ACROLATEX 50 3508 - PINTUCO.pdf,8,4,5,1,4,708,"image,ocr,table,text",12,9,5016
pintuco__fds-57-acrolatex-50-3508-pintuco__sec08__chunk02,pintuco__fds-57-acrolatex-50-3508-pintuco,Pintuco,ACROLATEX 50 3508,FDS 57 - ACROLATEX 50 3508 - PINTUCO.pdf,8,4,5,2,4,838,"image,ocr,table,text",12,9,7379
pintuco__fds-57-acrolatex-50-3508-pintuco__sec08__chunk03,pintuco__fds-57-acrolatex-50-3508-pintuco,Pintuco,ACROLATEX 50 3508,FDS 57 - ACROLATEX 50 3508 - PINTUCO.pdf,8,4,5,3,4,849,"image,ocr,table,text",12,9,8408
pintuco__fds-57-acrolatex-50-3508-pintuco__sec08__chunk04,pintuco__fds-57-acrolatex-50-3508-pintuco,Pintuco,ACROLATEX 50 3508,FDS 57 - ACROLATEX 50 3508 - PINTUCO.pdf,8,4,5,4,4,501,"image,ocr,table,text",12,9,6405
pintuco__fds-57-acrolatex-50-3508-pintuco__sec09__chunk01,pintuco__fds-57-acrolatex-50-3508-pintuco,Pintuco,ACROLATEX 50 3508,FDS 57 - ACROLATEX 50 3508 - PINTUCO.pdf,9,5,6,1,2,692,"image,ocr,table,text",2,2,5652
pintuco__fds-57-acrolatex-50-3508-pintuco__sec09__chunk02,pintuco__fds-57-acrolatex-50-3508-pintuco,Pintuco,ACROLATEX 50 3508,FDS 57 - ACROLATEX 50 3508 - PINTUCO.pdf,9,5,6,2,2,480,"image,ocr,table,text",2,2,5138
pintuco__fds-57-acrolatex-50-3508-pintuco__sec10__chunk01,pintuco__fds-57-acrolatex-50-3508-pintuco,Pintuco,ACROLATEX 50 3508,FDS 57 - ACROLATEX 50 3508 - PINTUCO.pdf,10,6,7,1,1,594,"image,ocr,table,text",2,1,5739
pintuco__fds-57-acrolatex-50-3508-pintuco__sec11__chunk01,pintuco__fds-57-acrolatex-50-3508-pintuco,Pintuco,ACROLATEX 50 3508,FDS 57 - ACROLATEX 50 3508 - PINTUCO.pdf,11,7,8,1,4,643,"image,ocr,table,text",3,2,4171
pintuco__fds-57-acrolatex-50-3508-pintuco__sec11__chunk02,pintuco__fds-57-acrolatex-50-3508-pintuco,Pintuco,ACROLATEX 50 3508,FDS 57 - ACROLATEX 50 3508 - PINTUCO.pdf,11,7,8,2,4,850,"image,ocr,table,text",3,2,6209
pintuco__fds-57-acrolatex-50-3508-pintuco__sec11__chunk03,pintuco__fds-57-acrolatex-50-3508-pintuco,Pintuco,ACROLATEX 50 3508,FDS 57 - ACROLATEX 50 3508 - PINTUCO.pdf,11,7,8,3,4,332,"image,ocr,table,text",3,2,2481
pintuco__fds-57-acrolatex-50-3508-pintuco__sec11__chunk04,pintuco__fds-57-acrolatex-50-3508-pintuco,Pintuco,ACROLATEX 50 3508,FDS 57 - ACROLATEX 50 3508 - PINTUCO.pdf,11,7,8,4,4,173,"image,ocr,table,text",3,2,2261
pintuco__fds-57-acrolatex-50-3508-pintuco__sec12__chunk01,pintuco__fds-57-acrolatex-50-3508-pintuco,Pintuco,ACROLATEX 50 3508,FDS 57 - ACROLATEX 50 3508 - PINTUCO.pdf,12,8,8,1,1,306,"image,ocr,table,text",2,1,3571
pintuco__fds-57-acrolatex-50-3508-pintuco__sec13__chunk01,pintuco__fds-57-acrolatex-50-3508-pintuco,Pintuco,ACROLATEX 50 3508,FDS 57 - ACROLATEX 50 3508 - PINTUCO.pdf,13,8,8,1,1,316,"table,text",1,0,2420
pintuco__fds-57-acrolatex-50-3508-pintuco__sec14__chunk01,pintuco__fds-57-acrolatex-50-3508-pintuco,Pintuco,ACROLATEX 50 3508,FDS 57 - ACROLATEX 50 3508 - PINTUCO.pdf,14,8,8,1,1,69,"table,text",1,0,559
pintuco__fds-57-acrolatex-50-3508-pintuco__sec15__chunk01,pintuco__fds-57-acrolatex-50-3508-pintuco,Pintuco,ACROLATEX 50 3508,FDS 57 - ACROLATEX 50 3508 - PINTUCO.pdf,15,8,9,1,2,652,"image,ocr,table,text",3,2,4732
pintuco__fds-57-acrolatex-50-3508-pintuco__sec15__chunk02,pintuco__fds-57-acrolatex-50-3508-pintuco,Pintuco,ACROLATEX 50 3508,FDS 57 - ACROLATEX 50 3508 - PINTUCO.pdf,15,8,9,2,2,764,"image,ocr,table,text",3,2,6265
pintuco__fds-57-acrolatex-50-3508-pintuco__sec16__chunk01,pintuco__fds-57-acrolatex-50-3508-pintuco,Pintuco,ACROLATEX 50 3508,FDS 57 - ACROLATEX 50 3508 - PINTUCO.pdf,16,9,10,1,3,515,"image,ocr,table,text",3,2,3462
pintuco__fds-57-acrolatex-50-3508-pintuco__sec16__chunk02,pintuco__fds-57-acrolatex-50-3508-pintuco,Pintuco,ACROLATEX 50 3508,FDS 57 - ACROLATEX 50 3508 - PINTUCO.pdf,16,9,10,2,3,732,"image,ocr,table,text",3,2,5937
pintuco__fds-57-acrolatex-50-3508-pintuco__sec16__chunk03,pintuco__fds-57-acrolatex-50-3508-pintuco,Pintuco,ACROLATEX 50 3508,FDS 57 - ACROLATEX 50 3508 - PINTUCO.pdf,16,9,10,3,3,354,"image,ocr,table,text",3,2,3364
pintuco__fds-62-asepsia-ultra-acril-uretano-blanco-pintuco__sec01__chunk01,pintuco__fds-62-asepsia-ultra-acril-uretano-blanco-pintuco,Pintuco,ASEPSIA ULTRA ACRIL URETANO BLANCO,FDS 62 - ASEPSIA ULTRA ACRIL URETANO BLANCO - PINTUCO.pdf,1,1,1,1,1,374,"image,ocr,table,text",1,2,3770
pintuco__fds-62-asepsia-ultra-acril-uretano-blanco-pintuco__sec02__chunk01,pintuco__fds-62-asepsia-ultra-acril-uretano-blanco-pintuco,Pintuco,ASEPSIA ULTRA ACRIL URETANO BLANCO,FDS 62 - ASEPSIA ULTRA ACRIL URETANO BLANCO - PINTUCO.pdf,2,1,1,1,1,527,"table,text",1,0,4001
pintuco__fds-62-asepsia-ultra-acril-uretano-blanco-pintuco__sec03__chunk01,pintuco__fds-62-asepsia-ultra-acril-uretano-blanco-pintuco,Pintuco,ASEPSIA ULTRA ACRIL URETANO BLANCO,FDS 62 - ASEPSIA ULTRA ACRIL URETANO BLANCO - PINTUCO.pdf,3,1,2,1,1,658,"image,ocr,table,text",6,2,6911
pintuco__fds-62-asepsia-ultra-acril-uretano-blanco-pintuco__sec04__chunk01,pintuco__fds-62-asepsia-ultra-acril-uretano-blanco-pintuco,Pintuco,ASEPSIA ULTRA ACRIL URETANO BLANCO,FDS 62 - ASEPSIA ULTRA ACRIL URETANO BLANCO - PINTUCO.pdf,4,2,2,1,2,327,"image,ocr,table,text",1,1,2006
pintuco__fds-62-asepsia-ultra-acril-uretano-blanco-pintuco__sec04__chunk02,pintuco__fds-62-asepsia-ultra-acril-uretano-blanco-pintuco,Pintuco,ASEPSIA ULTRA ACRIL URETANO BLANCO,FDS 62 - ASEPSIA ULTRA ACRIL URETANO BLANCO - PINTUCO.pdf,4,2,2,2,2,743,"image,ocr,table,text",1,1,5592
pintuco__fds-62-asepsia-ultra-acril-uretano-blanco-pintuco__sec05__chunk01,pintuco__fds-62-asepsia-ultra-acril-uretano-blanco-pintuco,Pintuco,ASEPSIA ULTRA ACRIL URETANO BLANCO,FDS 62 - ASEPSIA ULTRA ACRIL URETANO BLANCO - PINTUCO.pdf,5,2,2,1,1,627,"table,text",1,0,5138
pintuco__fds-62-asepsia-ultra-acril-uretano-blanco-pintuco__sec06__chunk01,pintuco__fds-62-asepsia-ultra-acril-uretano-blanco-pintuco,Pintuco,ASEPSIA ULTRA ACRIL URETANO BLANCO,FDS 62 - ASEPSIA ULTRA ACRIL URETANO BLANCO - PINTUCO.pdf,6,2,3,1,1,739,"image,ocr,table,text",3,1,6010
pintuco__fds-62-asepsia-ultra-acril-uretano-blanco-pintuco__sec07__chunk01,pintuco__fds-62-asepsia-ultra-acril-uretano-blanco-pintuco,Pintuco,ASEPSIA ULTRA ACRIL URETANO BLANCO,FDS 62 - ASEPSIA ULTRA ACRIL URETANO BLANCO - PINTUCO.pdf,7,3,3,1,2,308,"table,text",3,0,2158
pintuco__fds-62-asepsia-ultra-acril-uretano-blanco-pintuco__sec07__chunk02,pintuco__fds-62-asepsia-ultra-acril-uretano-blanco-pintuco,Pintuco,ASEPSIA ULTRA ACRIL URETANO BLANCO,FDS 62 - ASEPSIA ULTRA ACRIL URETANO BLANCO - PINTUCO.pdf,7,3,3,2,2,724,"table,text",3,0,6270
pintuco__fds-62-asepsia-ultra-acril-uretano-blanco-pintuco__sec08__chunk01,pintuco__fds-62-asepsia-ultra-acril-uretano-blanco-pintuco,Pintuco,ASEPSIA ULTRA ACRIL URETANO BLANCO,FDS 62 - ASEPSIA ULTRA ACRIL URETANO BLANCO - PINTUCO.pdf,8,3,5,1,5,819,"image,ocr,table,text",12,12,5902
pintuco__fds-62-asepsia-ultra-acril-uretano-blanco-pintuco__sec08__chunk02,pintuco__fds-62-asepsia-ultra-acril-uretano-blanco-pintuco,Pintuco,ASEPSIA ULTRA ACRIL URETANO BLANCO,FDS 62 - ASEPSIA ULTRA ACRIL URETANO BLANCO - PINTUCO.pdf,8,3,5,2,5,850,"image,ocr,table,text",12,12,7447
pintuco__fds-62-asepsia-ultra-acril-uretano-blanco-pintuco__sec08__chunk03,pintuco__fds-62-asepsia-ultra-acril-uretano-blanco-pintuco,Pintuco,ASEPSIA ULTRA ACRIL URETANO BLANCO,FDS 62 - ASEPSIA ULTRA ACRIL URETANO BLANCO - PINTUCO.pdf,8,3,5,3,5,109,"image,ocr,table,text",12,12,1071
pintuco__fds-62-asepsia-ultra-acril-uretano-blanco-pintuco__sec08__chunk04,pintuco__fds-62-asepsia-ultra-acril-uretano-blanco-pintuco,Pintuco,ASEPSIA ULTRA ACRIL URETANO BLANCO,FDS 62 - ASEPSIA ULTRA ACRIL URETANO BLANCO - PINTUCO.pdf,8,3,5,4,5,842,"image,ocr,table,text",12,12,9563
pintuco__fds-62-asepsia-ultra-acril-uretano-blanco-pintuco__sec08__chunk05,pintuco__fds-62-asepsia-ultra-acril-uretano-blanco-pintuco,Pintuco,ASEPSIA ULTRA ACRIL URETANO BLANCO,FDS 62 - ASEPSIA ULTRA ACRIL URETANO BLANCO - PINTUCO.pdf,8,3,5,5,5,382,"image,ocr,table,text",12,12,5805
pintuco__fds-62-asepsia-ultra-acril-uretano-blanco-pintuco__sec09__chunk01,pintuco__fds-62-asepsia-ultra-acril-uretano-blanco-pintuco,Pintuco,ASEPSIA ULTRA ACRIL URETANO BLANCO,FDS 62 - ASEPSIA ULTRA ACRIL URETANO BLANCO - PINTUCO.pdf,9,5,6,1,2,742,"image,ocr,table,text",3,2,6217
pintuco__fds-62-asepsia-ultra-acril-uretano-blanco-pintuco__sec09__chunk02,pintuco__fds-62-asepsia-ultra-acril-uretano-blanco-pintuco,Pintuco,ASEPSIA ULTRA ACRIL URETANO BLANCO,FDS 62 - ASEPSIA ULTRA ACRIL URETANO BLANCO - PINTUCO.pdf,9,5,6,2,2,365,"image,ocr,table,text",3,2,4295
pintuco__fds-62-asepsia-ultra-acril-uretano-blanco-pintuco__sec10__chunk01,pintuco__fds-62-asepsia-ultra-acril-uretano-blanco-pintuco,Pintuco,ASEPSIA ULTRA ACRIL URETANO BLANCO,FDS 62 - ASEPSIA ULTRA ACRIL URETANO BLANCO - PINTUCO.pdf,10,6,6,1,1,487,"table,text",1,0,4679
pintuco__fds-62-asepsia-ultra-acril-uretano-blanco-pintuco__sec11__chunk01,pintuco__fds-62-asepsia-ultra-acril-uretano-blanco-pintuco,Pintuco,ASEPSIA ULTRA ACRIL URETANO BLANCO,FDS 62 - ASEPSIA ULTRA ACRIL URETANO BLANCO - PINTUCO.pdf,11,6,8,1,5,840,"image,ocr,table,text",5,2,5522
pintuco__fds-62-asepsia-ultra-acril-uretano-blanco-pintuco__sec11__chunk02,pintuco__fds-62-asepsia-ultra-acril-uretano-blanco-pintuco,Pintuco,ASEPSIA ULTRA ACRIL URETANO BLANCO,FDS 62 - ASEPSIA ULTRA ACRIL URETANO BLANCO - PINTUCO.pdf,11,6,8,2,5,383,"image,ocr,table,text",5,2,3071
pintuco__fds-62-asepsia-ultra-acril-uretano-blanco-pintuco__sec11__chunk03,pintuco__fds-62-asepsia-ultra-acril-uretano-blanco-pintuco,Pintuco,ASEPSIA ULTRA ACRIL URETANO BLANCO,FDS 62 - ASEPSIA ULTRA ACRIL URETANO BLANCO - PINTUCO.pdf,11,6,8,3,5,850,"image,ocr,table,text",5,2,6380
pintuco__fds-62-asepsia-ultra-acril-uretano-blanco-pintuco__sec11__chunk04,pintuco__fds-62-asepsia-ultra-acril-uretano-blanco-pintuco,Pintuco,ASEPSIA ULTRA ACRIL URETANO BLANCO,FDS 62 - ASEPSIA ULTRA ACRIL URETANO BLANCO - PINTUCO.pdf,11,6,8,4,5,537,"image,ocr,table,text",5,2,4164
pintuco__fds-62-asepsia-ultra-acril-uretano-blanco-pintuco__sec11__chunk05,pintuco__fds-62-asepsia-ultra-acril-uretano-blanco-pintuco,Pintuco,ASEPSIA ULTRA ACRIL URETANO BLANCO,FDS 62 - ASEPSIA ULTRA ACRIL URETANO BLANCO - PINTUCO.pdf,11,6,8,5,5,168,"image,ocr,table,text",5,2,2540
pintuco__fds-62-asepsia-ultra-acril-uretano-blanco-pintuco__sec12__chunk01,pintuco__fds-62-asepsia-ultra-acril-uretano-blanco-pintuco,Pintuco,ASEPSIA ULTRA ACRIL URETANO BLANCO,FDS 62 - ASEPSIA ULTRA ACRIL URETANO BLANCO - PINTUCO.pdf,12,8,9,1,1,837,"image,ocr,table,text",7,3,11105
pintuco__fds-62-asepsia-ultra-acril-uretano-blanco-pintuco__sec13__chunk01,pintuco__fds-62-asepsia-ultra-acril-uretano-blanco-pintuco,Pintuco,ASEPSIA ULTRA ACRIL URETANO BLANCO,FDS 62 - ASEPSIA ULTRA ACRIL URETANO BLANCO - PINTUCO.pdf,13,9,9,1,1,318,"table,text",1,0,2471
pintuco__fds-62-asepsia-ultra-acril-uretano-blanco-pintuco__sec14__chunk01,pintuco__fds-62-asepsia-ultra-acril-uretano-blanco-pintuco,Pintuco,ASEPSIA ULTRA ACRIL URETANO BLANCO,FDS 62 - ASEPSIA ULTRA ACRIL URETANO BLANCO - PINTUCO.pdf,14,9,9,1,1,71,"table,text",1,0,610
pintuco__fds-62-asepsia-ultra-acril-uretano-blanco-pintuco__sec15__chunk01,pintuco__fds-62-asepsia-ultra-acril-uretano-blanco-pintuco,Pintuco,ASEPSIA ULTRA ACRIL URETANO BLANCO,FDS 62 - ASEPSIA ULTRA ACRIL URETANO BLANCO - PINTUCO.pdf,15,9,10,1,3,433,"image,ocr,table,text",2,1,2846
pintuco__fds-62-asepsia-ultra-acril-uretano-blanco-pintuco__sec15__chunk02,pintuco__fds-62-asepsia-ultra-acril-uretano-blanco-pintuco,Pintuco,ASEPSIA ULTRA ACRIL URETANO BLANCO,FDS 62 - ASEPSIA ULTRA ACRIL URETANO BLANCO - PINTUCO.pdf,15,9,10,2,3,840,"image,ocr,table,text",2,1,6190
pintuco__fds-62-asepsia-ultra-acril-uretano-blanco-pintuco__sec15__chunk03,pintuco__fds-62-asepsia-ultra-acril-uretano-blanco-pintuco,Pintuco,ASEPSIA ULTRA ACRIL URETANO BLANCO,FDS 62 - ASEPSIA ULTRA ACRIL URETANO BLANCO - PINTUCO.pdf,15,9,10,3,3,178,"image,ocr,table,text",2,1,1760
pintuco__fds-62-asepsia-ultra-acril-uretano-blanco-pintuco__sec16__chunk01,pintuco__fds-62-asepsia-ultra-acril-uretano-blanco-pintuco,Pintuco,ASEPSIA ULTRA ACRIL URETANO BLANCO,FDS 62 - ASEPSIA ULTRA ACRIL URETANO BLANCO - PINTUCO.pdf,16,10,10,1,3,577,"image,ocr,table,text",2,1,3860
pintuco__fds-62-asepsia-ultra-acril-uretano-blanco-pintuco__sec16__chunk02,pintuco__fds-62-asepsia-ultra-acril-uretano-blanco-pintuco,Pintuco,ASEPSIA ULTRA ACRIL URETANO BLANCO,FDS 62 - ASEPSIA ULTRA ACRIL URETANO BLANCO - PINTUCO.pdf,16,10,10,2,3,858,"image,ocr,table,text",2,1,6787
pintuco__fds-62-asepsia-ultra-acril-uretano-blanco-pintuco__sec16__chunk03,pintuco__fds-62-asepsia-ultra-acril-uretano-blanco-pintuco,Pintuco,ASEPSIA ULTRA ACRIL URETANO BLANCO,FDS 62 - ASEPSIA ULTRA ACRIL URETANO BLANCO - PINTUCO.pdf,16,10,10,3,3,319,"image,ocr,table,text",2,1,3003
pintuco__fds-7-pintutrafico-acrilico-base-solvente-mod-blanco-13754-1-g-10115022-col-1__sec01__chunk01,pintuco__fds-7-pintutrafico-acrilico-base-solvente-mod-blanco-13754-1-g-10115022-col-1,Pintuco,PINTUTRAFICO ACRILICO BASE SOLVENTE MOD. BLANCO 13754 - 1,FDS 7 - PINTUTRAFICO ACRILICO BASE SOLVENTE MOD. BLANCO 13754 - 1 G _ 10115022 _COL (1).pdf,1,1,1,1,1,381,"image,ocr,table,text",1,2,4026
pintuco__fds-7-pintutrafico-acrilico-base-solvente-mod-blanco-13754-1-g-10115022-col-1__sec02__chunk01,pintuco__fds-7-pintutrafico-acrilico-base-solvente-mod-blanco-13754-1-g-10115022-col-1,Pintuco,PINTUTRAFICO ACRILICO BASE SOLVENTE MOD. BLANCO 13754 - 1,FDS 7 - PINTUTRAFICO ACRILICO BASE SOLVENTE MOD. BLANCO 13754 - 1 G _ 10115022 _COL (1).pdf,2,1,1,1,2,312,"image,ocr,table,text",1,4,2018
pintuco__fds-7-pintutrafico-acrilico-base-solvente-mod-blanco-13754-1-g-10115022-col-1__sec02__chunk02,pintuco__fds-7-pintutrafico-acrilico-base-solvente-mod-blanco-13754-1-g-10115022-col-1,Pintuco,PINTUTRAFICO ACRILICO BASE SOLVENTE MOD. BLANCO 13754 - 1,FDS 7 - PINTUTRAFICO ACRILICO BASE SOLVENTE MOD. BLANCO 13754 - 1 G _ 10115022 _COL (1).pdf,2,1,1,2,2,805,"image,ocr,table,text",1,4,8056
pintuco__fds-7-pintutrafico-acrilico-base-solvente-mod-blanco-13754-1-g-10115022-col-1__sec03__chunk01,pintuco__fds-7-pintutrafico-acrilico-base-solvente-mod-blanco-13754-1-g-10115022-col-1,Pintuco,PINTUTRAFICO ACRILICO BASE SOLVENTE MOD. BLANCO 13754 - 1,FDS 7 - PINTUTRAFICO ACRILICO BASE SOLVENTE MOD. BLANCO 13754 - 1 G _ 10115022 _COL (1).pdf,3,1,2,1,1,544,"image,ocr,table,text",4,2,5923
pintuco__fds-7-pintutrafico-acrilico-base-solvente-mod-blanco-13754-1-g-10115022-col-1__sec04__chunk01,pintuco__fds-7-pintutrafico-acrilico-base-solvente-mod-blanco-13754-1-g-10115022-col-1,Pintuco,PINTUTRAFICO ACRILICO BASE SOLVENTE MOD. BLANCO 13754 - 1,FDS 7 - PINTUTRAFICO ACRILICO BASE SOLVENTE MOD. BLANCO 13754 - 1 G _ 10115022 _COL (1).pdf,4,2,2,1,2,389,"table,text",1,0,2429
pintuco__fds-7-pintutrafico-acrilico-base-solvente-mod-blanco-13754-1-g-10115022-col-1__sec04__chunk02,pintuco__fds-7-pintutrafico-acrilico-base-solvente-mod-blanco-13754-1-g-10115022-col-1,Pintuco,PINTUTRAFICO ACRILICO BASE SOLVENTE MOD. BLANCO 13754 - 1,FDS 7 - PINTUTRAFICO ACRILICO BASE SOLVENTE MOD. BLANCO 13754 - 1 G _ 10115022 _COL (1).pdf,4,2,2,2,2,804,"table,text",1,0,5822
pintuco__fds-7-pintutrafico-acrilico-base-solvente-mod-blanco-13754-1-g-10115022-col-1__sec05__chunk01,pintuco__fds-7-pintutrafico-acrilico-base-solvente-mod-blanco-13754-1-g-10115022-col-1,Pintuco,PINTUTRAFICO ACRILICO BASE SOLVENTE MOD. BLANCO 13754 - 1,FDS 7 - PINTUTRAFICO ACRILICO BASE SOLVENTE MOD. BLANCO 13754 - 1 G _ 10115022 _COL (1).pdf,5,2,3,1,1,694,"image,ocr,table,text",3,1,6252
pintuco__fds-7-pintutrafico-acrilico-base-solvente-mod-blanco-13754-1-g-10115022-col-1__sec06__chunk01,pintuco__fds-7-pintutrafico-acrilico-base-solvente-mod-blanco-13754-1-g-10115022-col-1,Pintuco,PINTUTRAFICO ACRILICO BASE SOLVENTE MOD. BLANCO 13754 - 1,FDS 7 - PINTUTRAFICO ACRILICO BASE SOLVENTE MOD. BLANCO 13754 - 1 G _ 10115022 _COL (1).pdf,6,3,3,1,1,661,"image,ocr,table,text",1,1,5488
pintuco__fds-7-pintutrafico-acrilico-base-solvente-mod-blanco-13754-1-g-10115022-col-1__sec07__chunk01,pintuco__fds-7-pintutrafico-acrilico-base-solvente-mod-blanco-13754-1-g-10115022-col-1,Pintuco,PINTUTRAFICO ACRILICO BASE SOLVENTE MOD. BLANCO 13754 - 1,FDS 7 - PINTUTRAFICO ACRILICO BASE SOLVENTE MOD. BLANCO 13754 - 1 G _ 10115022 _COL (1).pdf,7,3,4,1,2,388,"image,ocr,table,text",2,1,2750
pintuco__fds-7-pintutrafico-acrilico-base-solvente-mod-blanco-13754-1-g-10115022-col-1__sec07__chunk02,pintuco__fds-7-pintutrafico-acrilico-base-solvente-mod-blanco-13754-1-g-10115022-col-1,Pintuco,PINTUTRAFICO ACRILICO BASE SOLVENTE MOD. BLANCO 13754 - 1,FDS 7 - PINTUTRAFICO ACRILICO BASE SOLVENTE MOD. BLANCO 13754 - 1 G _ 10115022 _COL (1).pdf,7,3,4,2,2,807,"image,ocr,table,text",2,1,7355
pintuco__fds-7-pintutrafico-acrilico-base-solvente-mod-blanco-13754-1-g-10115022-col-1__sec08__chunk01,pintuco__fds-7-pintutrafico-acrilico-base-solvente-mod-blanco-13754-1-g-10115022-col-1,Pintuco,PINTUTRAFICO ACRILICO BASE SOLVENTE MOD. BLANCO 13754 - 1,FDS 7 - PINTUTRAFICO ACRILICO BASE SOLVENTE MOD. BLANCO 13754 - 1 G _ 10115022 _COL (1).pdf,8,4,5,1,4,604,"image,ocr,table,text",10,10,4282
pintuco__fds-7-pintutrafico-acrilico-base-solvente-mod-blanco-13754-1-g-10115022-col-1__sec08__chunk02,pintuco__fds-7-pintutrafico-acrilico-base-solvente-mod-blanco-13754-1-g-10115022-col-1,Pintuco,PINTUTRAFICO ACRILICO BASE SOLVENTE MOD. BLANCO 13754 - 1,FDS 7 - PINTUTRAFICO ACRILICO BASE SOLVENTE MOD. BLANCO 13754 - 1 G _ 10115022 _COL (1).pdf,8,4,5,2,4,798,"image,ocr,table,text",10,10,7023
pintuco__fds-7-pintutrafico-acrilico-base-solvente-mod-blanco-13754-1-g-10115022-col-1__sec08__chunk03,pintuco__fds-7-pintutrafico-acrilico-base-solvente-mod-blanco-13754-1-g-10115022-col-1,Pintuco,PINTUTRAFICO ACRILICO BASE SOLVENTE MOD. BLANCO 13754 - 1,FDS 7 - PINTUTRAFICO ACRILICO BASE SOLVENTE MOD. BLANCO 13754 - 1 G _ 10115022 _COL (1).pdf,8,4,5,3,4,827,"image,ocr,table,text",10,10,9813
pintuco__fds-7-pintutrafico-acrilico-base-solvente-mod-blanco-13754-1-g-10115022-col-1__sec08__chunk04,pintuco__fds-7-pintutrafico-acrilico-base-solvente-mod-blanco-13754-1-g-10115022-col-1,Pintuco,PINTUTRAFICO ACRILICO BASE SOLVENTE MOD. BLANCO 13754 - 1,FDS 7 - PINTUTRAFICO ACRILICO BASE SOLVENTE MOD. BLANCO 13754 - 1 G _ 10115022 _COL (1).pdf,8,4,5,4,4,378,"image,ocr,table,text",10,10,6864
pintuco__fds-7-pintutrafico-acrilico-base-solvente-mod-blanco-13754-1-g-10115022-col-1__sec09__chunk01,pintuco__fds-7-pintutrafico-acrilico-base-solvente-mod-blanco-13754-1-g-10115022-col-1,Pintuco,PINTUTRAFICO ACRILICO BASE SOLVENTE MOD. BLANCO 13754 - 1,FDS 7 - PINTUTRAFICO ACRILICO BASE SOLVENTE MOD. BLANCO 13754 - 1 G _ 10115022 _COL (1).pdf,9,5,6,1,2,760,"image,ocr,table,text",2,2,6339
pintuco__fds-7-pintutrafico-acrilico-base-solvente-mod-blanco-13754-1-g-10115022-col-1__sec09__chunk02,pintuco__fds-7-pintutrafico-acrilico-base-solvente-mod-blanco-13754-1-g-10115022-col-1,Pintuco,PINTUTRAFICO ACRILICO BASE SOLVENTE MOD. BLANCO 13754 - 1,FDS 7 - PINTUTRAFICO ACRILICO BASE SOLVENTE MOD. BLANCO 13754 - 1 G _ 10115022 _COL (1).pdf,9,5,6,2,2,356,"image,ocr,table,text",2,2,4451
pintuco__fds-7-pintutrafico-acrilico-base-solvente-mod-blanco-13754-1-g-10115022-col-1__sec10__chunk01,pintuco__fds-7-pintutrafico-acrilico-base-solvente-mod-blanco-13754-1-g-10115022-col-1,Pintuco,PINTUTRAFICO ACRILICO BASE SOLVENTE MOD. BLANCO 13754 - 1,FDS 7 - PINTUTRAFICO ACRILICO BASE SOLVENTE MOD. BLANCO 13754 - 1 G _ 10115022 _COL (1).pdf,10,6,6,1,1,551,"table,text",3,0,5671
pintuco__fds-7-pintutrafico-acrilico-base-solvente-mod-blanco-13754-1-g-10115022-col-1__sec11__chunk01,pintuco__fds-7-pintutrafico-acrilico-base-solvente-mod-blanco-13754-1-g-10115022-col-1,Pintuco,PINTUTRAFICO ACRILICO BASE SOLVENTE MOD. BLANCO 13754 - 1,FDS 7 - PINTUTRAFICO ACRILICO BASE SOLVENTE MOD. BLANCO 13754 - 1 G _ 10115022 _COL (1).pdf,11,6,8,1,5,757,"image,ocr,table,text",5,3,5098
pintuco__fds-7-pintutrafico-acrilico-base-solvente-mod-blanco-13754-1-g-10115022-col-1__sec11__chunk02,pintuco__fds-7-pintutrafico-acrilico-base-solvente-mod-blanco-13754-1-g-10115022-col-1,Pintuco,PINTUTRAFICO ACRILICO BASE SOLVENTE MOD. BLANCO 13754 - 1,FDS 7 - PINTUTRAFICO ACRILICO BASE SOLVENTE MOD. BLANCO 13754 - 1 G _ 10115022 _COL (1).pdf,11,6,8,2,5,275,"image,ocr,table,text",5,3,2354
pintuco__fds-7-pintutrafico-acrilico-base-solvente-mod-blanco-13754-1-g-10115022-col-1__sec11__chunk03,pintuco__fds-7-pintutrafico-acrilico-base-solvente-mod-blanco-13754-1-g-10115022-col-1,Pintuco,PINTUTRAFICO ACRILICO BASE SOLVENTE MOD. BLANCO 13754 - 1,FDS 7 - PINTUTRAFICO ACRILICO BASE SOLVENTE MOD. BLANCO 13754 - 1 G _ 10115022 _COL (1).pdf,11,6,8,3,5,850,"image,ocr,table,text",5,3,6739
pintuco__fds-7-pintutrafico-acrilico-base-solvente-mod-blanco-13754-1-g-10115022-col-1__sec11__chunk04,pintuco__fds-7-pintutrafico-acrilico-base-solvente-mod-blanco-13754-1-g-10115022-col-1,Pintuco,PINTUTRAFICO ACRILICO BASE SOLVENTE MOD. BLANCO 13754 - 1,FDS 7 - PINTUTRAFICO ACRILICO BASE SOLVENTE MOD. BLANCO 13754 - 1 G _ 10115022 _COL (1).pdf,11,6,8,4,5,387,"image,ocr,table,text",5,3,3230
pintuco__fds-7-pintutrafico-acrilico-base-solvente-mod-blanco-13754-1-g-10115022-col-1__sec11__chunk05,pintuco__fds-7-pintutrafico-acrilico-base-solvente-mod-blanco-13754-1-g-10115022-col-1,Pintuco,PINTUTRAFICO ACRILICO BASE SOLVENTE MOD. BLANCO 13754 - 1,FDS 7 - PINTUTRAFICO ACRILICO BASE SOLVENTE MOD. BLANCO 13754 - 1 G _ 10115022 _COL (1).pdf,11,6,8,5,5,207,"image,ocr,table,text",5,3,3364
pintuco__fds-7-pintutrafico-acrilico-base-solvente-mod-blanco-13754-1-g-10115022-col-1__sec12__chunk01,pintuco__fds-7-pintutrafico-acrilico-base-solvente-mod-blanco-13754-1-g-10115022-col-1,Pintuco,PINTUTRAFICO ACRILICO BASE SOLVENTE MOD. BLANCO 13754 - 1,FDS 7 - PINTUTRAFICO ACRILICO BASE SOLVENTE MOD. BLANCO 13754 - 1 G _ 10115022 _COL (1).pdf,12,8,8,1,1,533,"image,ocr,table,text",5,1,7210
pintuco__fds-7-pintutrafico-acrilico-base-solvente-mod-blanco-13754-1-g-10115022-col-1__sec13__chunk01,pintuco__fds-7-pintutrafico-acrilico-base-solvente-mod-blanco-13754-1-g-10115022-col-1,Pintuco,PINTUTRAFICO ACRILICO BASE SOLVENTE MOD. BLANCO 13754 - 1,FDS 7 - PINTUTRAFICO ACRILICO BASE SOLVENTE MOD. BLANCO 13754 - 1 G _ 10115022 _COL (1).pdf,13,8,8,1,1,371,"table,text",1,0,2792
pintuco__fds-7-pintutrafico-acrilico-base-solvente-mod-blanco-13754-1-g-10115022-col-1__sec14__chunk01,pintuco__fds-7-pintutrafico-acrilico-base-solvente-mod-blanco-13754-1-g-10115022-col-1,Pintuco,PINTUTRAFICO ACRILICO BASE SOLVENTE MOD. BLANCO 13754 - 1,FDS 7 - PINTUTRAFICO ACRILICO BASE SOLVENTE MOD. BLANCO 13754 - 1 G _ 10115022 _COL (1).pdf,14,8,9,1,1,757,"image,ocr,table,text",3,3,9209
pintuco__fds-7-pintutrafico-acrilico-base-solvente-mod-blanco-13754-1-g-10115022-col-1__sec15__chunk01,pintuco__fds-7-pintutrafico-acrilico-base-solvente-mod-blanco-13754-1-g-10115022-col-1,Pintuco,PINTUTRAFICO ACRILICO BASE SOLVENTE MOD. BLANCO 13754 - 1,FDS 7 - PINTUTRAFICO ACRILICO BASE SOLVENTE MOD. BLANCO 13754 - 1 G _ 10115022 _COL (1).pdf,15,9,10,1,2,680,"image,ocr,table,text",2,2,4944
pintuco__fds-7-pintutrafico-acrilico-base-solvente-mod-blanco-13754-1-g-10115022-col-1__sec15__chunk02,pintuco__fds-7-pintutrafico-acrilico-base-solvente-mod-blanco-13754-1-g-10115022-col-1,Pintuco,PINTUTRAFICO ACRILICO BASE SOLVENTE MOD. BLANCO 13754 - 1,FDS 7 - PINTUTRAFICO ACRILICO BASE SOLVENTE MOD. BLANCO 13754 - 1 G _ 10115022 _COL (1).pdf,15,9,10,2,2,692,"image,ocr,table,text",2,2,6204
pintuco__fds-7-pintutrafico-acrilico-base-solvente-mod-blanco-13754-1-g-10115022-col-1__sec16__chunk01,pintuco__fds-7-pintutrafico-acrilico-base-solvente-mod-blanco-13754-1-g-10115022-col-1,Pintuco,PINTUTRAFICO ACRILICO BASE SOLVENTE MOD. BLANCO 13754 - 1,FDS 7 - PINTUTRAFICO ACRILICO BASE SOLVENTE MOD. BLANCO 13754 - 1 G _ 10115022 _COL (1).pdf,16,10,11,1,3,561,"image,ocr,table,text",4,2,3690
pintuco__fds-7-pintutrafico-acrilico-base-solvente-mod-blanco-13754-1-g-10115022-col-1__sec16__chunk02,pintuco__fds-7-pintutrafico-acrilico-base-solvente-mod-blanco-13754-1-g-10115022-col-1,Pintuco,PINTUTRAFICO ACRILICO BASE SOLVENTE MOD. BLANCO 13754 - 1,FDS 7 - PINTUTRAFICO ACRILICO BASE SOLVENTE MOD. BLANCO 13754 - 1 G _ 10115022 _COL (1).pdf,16,10,11,2,3,824,"image,ocr,table,text",4,2,6905
pintuco__fds-7-pintutrafico-acrilico-base-solvente-mod-blanco-13754-1-g-10115022-col-1__sec16__chunk03,pintuco__fds-7-pintutrafico-acrilico-base-solvente-mod-blanco-13754-1-g-10115022-col-1,Pintuco,PINTUTRAFICO ACRILICO BASE SOLVENTE MOD. BLANCO 13754 - 1,FDS 7 - PINTUTRAFICO ACRILICO BASE SOLVENTE MOD. BLANCO 13754 - 1 G _ 10115022 _COL (1).pdf,16,10,11,3,3,357,"image,ocr,table,text",4,2,3712
pintuco__fds-79-pq-corrotec-premium-507-gris-pintuco-aksonobel__sec01__chunk01,pintuco__fds-79-pq-corrotec-premium-507-gris-pintuco-aksonobel,Pintuco,PQ CORROTEC PREMIUM 507 GRIS,FDS 79 - PQ CORROTEC PREMIUM 507 GRIS - PINTUCO - AKSONOBEL.pdf,1,1,2,1,1,212,"image,ocr,text",0,2,2247
pintuco__fds-79-pq-corrotec-premium-507-gris-pintuco-aksonobel__sec02__chunk01,pintuco__fds-79-pq-corrotec-premium-507-gris-pintuco-aksonobel,Pintuco,PQ CORROTEC PREMIUM 507 GRIS,FDS 79 - PQ CORROTEC PREMIUM 507 GRIS - PINTUCO - AKSONOBEL.pdf,2,2,3,1,1,469,"image,ocr,text",0,1,3467
pintuco__fds-79-pq-corrotec-premium-507-gris-pintuco-aksonobel__sec03__chunk01,pintuco__fds-79-pq-corrotec-premium-507-gris-pintuco-aksonobel,Pintuco,PQ CORROTEC PREMIUM 507 GRIS,FDS 79 - PQ CORROTEC PREMIUM 507 GRIS - PINTUCO - AKSONOBEL.pdf,3,3,3,1,1,325,"table,text",1,0,2690
pintuco__fds-79-pq-corrotec-premium-507-gris-pintuco-aksonobel__sec04__chunk01,pintuco__fds-79-pq-corrotec-premium-507-gris-pintuco-aksonobel,Pintuco,PQ CORROTEC PREMIUM 507 GRIS,FDS 79 - PQ CORROTEC PREMIUM 507 GRIS - PINTUCO - AKSONOBEL.pdf,4,3,5,1,1,567,"image,ocr,text",0,2,4805
pintuco__fds-79-pq-corrotec-premium-507-gris-pintuco-aksonobel__sec05__chunk01,pintuco__fds-79-pq-corrotec-premium-507-gris-pintuco-aksonobel,Pintuco,PQ CORROTEC PREMIUM 507 GRIS,FDS 79 - PQ CORROTEC PREMIUM 507 GRIS - PINTUCO - AKSONOBEL.pdf,5,5,5,1,1,255,text,0,0,1730
pintuco__fds-79-pq-corrotec-premium-507-gris-pintuco-aksonobel__sec06__chunk01,pintuco__fds-79-pq-corrotec-premium-507-gris-pintuco-aksonobel,Pintuco,PQ CORROTEC PREMIUM 507 GRIS,FDS 79 - PQ CORROTEC PREMIUM 507 GRIS - PINTUCO - AKSONOBEL.pdf,6,5,6,1,1,482,text,0,0,3155
pintuco__fds-79-pq-corrotec-premium-507-gris-pintuco-aksonobel__sec07__chunk01,pintuco__fds-79-pq-corrotec-premium-507-gris-pintuco-aksonobel,Pintuco,PQ CORROTEC PREMIUM 507 GRIS,FDS 79 - PQ CORROTEC PREMIUM 507 GRIS - PINTUCO - AKSONOBEL.pdf,7,6,7,1,1,621,text,0,0,4204
pintuco__fds-79-pq-corrotec-premium-507-gris-pintuco-aksonobel__sec08__chunk01,pintuco__fds-79-pq-corrotec-premium-507-gris-pintuco-aksonobel,Pintuco,PQ CORROTEC PREMIUM 507 GRIS,FDS 79 - PQ CORROTEC PREMIUM 507 GRIS - PINTUCO - AKSONOBEL.pdf,8,7,8,1,2,649,"image,ocr,table,text",1,2,4429
pintuco__fds-79-pq-corrotec-premium-507-gris-pintuco-aksonobel__sec08__chunk02,pintuco__fds-79-pq-corrotec-premium-507-gris-pintuco-aksonobel,Pintuco,PQ CORROTEC PREMIUM 507 GRIS,FDS 79 - PQ CORROTEC PREMIUM 507 GRIS - PINTUCO - AKSONOBEL.pdf,8,7,8,2,2,381,"image,ocr,table,text",1,2,3701
pintuco__fds-79-pq-corrotec-premium-507-gris-pintuco-aksonobel__sec09__chunk01,pintuco__fds-79-pq-corrotec-premium-507-gris-pintuco-aksonobel,Pintuco,PQ CORROTEC PREMIUM 507 GRIS,FDS 79 - PQ CORROTEC PREMIUM 507 GRIS - PINTUCO - AKSONOBEL.pdf,9,8,9,1,1,405,"image,ocr,table,text",3,1,4134
pintuco__fds-79-pq-corrotec-premium-507-gris-pintuco-aksonobel__sec10__chunk01,pintuco__fds-79-pq-corrotec-premium-507-gris-pintuco-aksonobel,Pintuco,PQ CORROTEC PREMIUM 507 GRIS,FDS 79 - PQ CORROTEC PREMIUM 507 GRIS - PINTUCO - AKSONOBEL.pdf,10,9,10,1,1,189,"image,ocr,text",0,2,2115
pintuco__fds-79-pq-corrotec-premium-507-gris-pintuco-aksonobel__sec11__chunk01,pintuco__fds-79-pq-corrotec-premium-507-gris-pintuco-aksonobel,Pintuco,PQ CORROTEC PREMIUM 507 GRIS,FDS 79 - PQ CORROTEC PREMIUM 507 GRIS - PINTUCO - AKSONOBEL.pdf,11,10,13,1,2,729,"image,ocr,table,text",8,3,7972
pintuco__fds-79-pq-corrotec-premium-507-gris-pintuco-aksonobel__sec11__chunk02,pintuco__fds-79-pq-corrotec-premium-507-gris-pintuco-aksonobel,Pintuco,PQ CORROTEC PREMIUM 507 GRIS,FDS 79 - PQ CORROTEC PREMIUM 507 GRIS - PINTUCO - AKSONOBEL.pdf,11,10,13,2,2,730,"image,ocr,table,text",8,3,10354
pintuco__fds-79-pq-corrotec-premium-507-gris-pintuco-aksonobel__sec12__chunk01,pintuco__fds-79-pq-corrotec-premium-507-gris-pintuco-aksonobel,Pintuco,PQ CORROTEC PREMIUM 507 GRIS,FDS 79 - PQ CORROTEC PREMIUM 507 GRIS - PINTUCO - AKSONOBEL.pdf,12,13,14,1,4,167,"image,ocr,table,text",3,1,1400
pintuco__fds-79-pq-corrotec-premium-507-gris-pintuco-aksonobel__sec12__chunk02,pintuco__fds-79-pq-corrotec-premium-507-gris-pintuco-aksonobel,Pintuco,PQ CORROTEC PREMIUM 507 GRIS,FDS 79 - PQ CORROTEC PREMIUM 507 GRIS - PINTUCO - AKSONOBEL.pdf,12,13,14,2,4,850,"image,ocr,table,text",3,1,8132
pintuco__fds-79-pq-corrotec-premium-507-gris-pintuco-aksonobel__sec12__chunk03,pintuco__fds-79-pq-corrotec-premium-507-gris-pintuco-aksonobel,Pintuco,PQ CORROTEC PREMIUM 507 GRIS,FDS 79 - PQ CORROTEC PREMIUM 507 GRIS - PINTUCO - AKSONOBEL.pdf,12,13,14,3,4,278,"image,ocr,table,text",3,1,2733
pintuco__fds-79-pq-corrotec-premium-507-gris-pintuco-aksonobel__sec12__chunk04,pintuco__fds-79-pq-corrotec-premium-507-gris-pintuco-aksonobel,Pintuco,PQ CORROTEC PREMIUM 507 GRIS,FDS 79 - PQ CORROTEC PREMIUM 507 GRIS - PINTUCO - AKSONOBEL.pdf,12,13,14,4,4,195,"image,ocr,table,text",3,1,2471
pintuco__fds-79-pq-corrotec-premium-507-gris-pintuco-aksonobel__sec13__chunk01,pintuco__fds-79-pq-corrotec-premium-507-gris-pintuco-aksonobel,Pintuco,PQ CORROTEC PREMIUM 507 GRIS,FDS 79 - PQ CORROTEC PREMIUM 507 GRIS - PINTUCO - AKSONOBEL.pdf,13,14,15,1,1,148,"image,ocr,table,text",1,1,1813
pintuco__fds-79-pq-corrotec-premium-507-gris-pintuco-aksonobel__sec14__chunk01,pintuco__fds-79-pq-corrotec-premium-507-gris-pintuco-aksonobel,Pintuco,PQ CORROTEC PREMIUM 507 GRIS,FDS 79 - PQ CORROTEC PREMIUM 507 GRIS - PINTUCO - AKSONOBEL.pdf,14,15,15,1,1,128,text,0,0,894
pintuco__fds-79-pq-corrotec-premium-507-gris-pintuco-aksonobel__sec15__chunk01,pintuco__fds-79-pq-corrotec-premium-507-gris-pintuco-aksonobel,Pintuco,PQ CORROTEC PREMIUM 507 GRIS,FDS 79 - PQ CORROTEC PREMIUM 507 GRIS - PINTUCO - AKSONOBEL.pdf,15,15,16,1,1,179,"image,ocr,text",0,1,1692
pintuco__fds-79-pq-corrotec-premium-507-gris-pintuco-aksonobel__sec16__chunk01,pintuco__fds-79-pq-corrotec-premium-507-gris-pintuco-aksonobel,Pintuco,PQ CORROTEC PREMIUM 507 GRIS,FDS 79 - PQ CORROTEC PREMIUM 507 GRIS - PINTUCO - AKSONOBEL.pdf,16,16,17,1,1,755,"image,ocr,table,text",1,2,6401
pintuco__fds-8-pintutrafico-alquidico-amarillo-659-10012970-10015685-col-version-2__sec01__chunk01,pintuco__fds-8-pintutrafico-alquidico-amarillo-659-10012970-10015685-col-version-2,Pintuco,PINTUTRAFICO ALQUIDICO AMARILLO 659,FDS 8 - PINTUTRAFICO ALQUIDICO AMARILLO 659 _ 10012970-10015685 _COL (Versión 2).pdf,1,1,1,1,1,358,"image,ocr,table,text",1,2,3935
pintuco__fds-8-pintutrafico-alquidico-amarillo-659-10012970-10015685-col-version-2__sec02__chunk01,pintuco__fds-8-pintutrafico-alquidico-amarillo-659-10012970-10015685-col-version-2,Pintuco,PINTUTRAFICO ALQUIDICO AMARILLO 659,FDS 8 - PINTUTRAFICO ALQUIDICO AMARILLO 659 _ 10012970-10015685 _COL (Versión 2).pdf,2,1,1,1,3,353,"image,ocr,table,text",1,4,2321
pintuco__fds-8-pintutrafico-alquidico-amarillo-659-10012970-10015685-col-version-2__sec02__chunk02,pintuco__fds-8-pintutrafico-alquidico-amarillo-659-10012970-10015685-col-version-2,Pintuco,PINTUTRAFICO ALQUIDICO AMARILLO 659,FDS 8 - PINTUTRAFICO ALQUIDICO AMARILLO 659 _ 10012970-10015685 _COL (Versión 2).pdf,2,1,1,2,3,847,"image,ocr,table,text",1,4,7889
pintuco__fds-8-pintutrafico-alquidico-amarillo-659-10012970-10015685-col-version-2__sec02__chunk03,pintuco__fds-8-pintutrafico-alquidico-amarillo-659-10012970-10015685-col-version-2,Pintuco,PINTUTRAFICO ALQUIDICO AMARILLO 659,FDS 8 - PINTUTRAFICO ALQUIDICO AMARILLO 659 _ 10012970-10015685 _COL (Versión 2).pdf,2,1,1,3,3,140,"image,ocr,table,text",1,4,2386
pintuco__fds-8-pintutrafico-alquidico-amarillo-659-10012970-10015685-col-version-2__sec03__chunk01,pintuco__fds-8-pintutrafico-alquidico-amarillo-659-10012970-10015685-col-version-2,Pintuco,PINTUTRAFICO ALQUIDICO AMARILLO 659,FDS 8 - PINTUTRAFICO ALQUIDICO AMARILLO 659 _ 10012970-10015685 _COL (Versión 2).pdf,3,1,2,1,1,564,"image,ocr,table,text",4,2,6280
pintuco__fds-8-pintutrafico-alquidico-amarillo-659-10012970-10015685-col-version-2__sec04__chunk01,pintuco__fds-8-pintutrafico-alquidico-amarillo-659-10012970-10015685-col-version-2,Pintuco,PINTUTRAFICO ALQUIDICO AMARILLO 659,FDS 8 - PINTUTRAFICO ALQUIDICO AMARILLO 659 _ 10012970-10015685 _COL (Versión 2).pdf,4,2,2,1,2,356,"table,text",1,0,2245
pintuco__fds-8-pintutrafico-alquidico-amarillo-659-10012970-10015685-col-version-2__sec04__chunk02,pintuco__fds-8-pintutrafico-alquidico-amarillo-659-10012970-10015685-col-version-2,Pintuco,PINTUTRAFICO ALQUIDICO AMARILLO 659,FDS 8 - PINTUTRAFICO ALQUIDICO AMARILLO 659 _ 10012970-10015685 _COL (Versión 2).pdf,4,2,2,2,2,752,"table,text",1,0,5457
pintuco__fds-8-pintutrafico-alquidico-amarillo-659-10012970-10015685-col-version-2__sec05__chunk01,pintuco__fds-8-pintutrafico-alquidico-amarillo-659-10012970-10015685-col-version-2,Pintuco,PINTUTRAFICO ALQUIDICO AMARILLO 659,FDS 8 - PINTUTRAFICO ALQUIDICO AMARILLO 659 _ 10012970-10015685 _COL (Versión 2).pdf,5,2,3,1,1,746,"image,ocr,table,text",3,2,7060
pintuco__fds-8-pintutrafico-alquidico-amarillo-659-10012970-10015685-col-version-2__sec06__chunk01,pintuco__fds-8-pintutrafico-alquidico-amarillo-659-10012970-10015685-col-version-2,Pintuco,PINTUTRAFICO ALQUIDICO AMARILLO 659,FDS 8 - PINTUTRAFICO ALQUIDICO AMARILLO 659 _ 10012970-10015685 _COL (Versión 2).pdf,6,3,3,1,1,658,"table,text",1,0,5076
pintuco__fds-8-pintutrafico-alquidico-amarillo-659-10012970-10015685-col-version-2__sec07__chunk01,pintuco__fds-8-pintutrafico-alquidico-amarillo-659-10012970-10015685-col-version-2,Pintuco,PINTUTRAFICO ALQUIDICO AMARILLO 659,FDS 8 - PINTUTRAFICO ALQUIDICO AMARILLO 659 _ 10012970-10015685 _COL (Versión 2).pdf,7,3,4,1,3,462,"image,ocr,table,text",2,2,3270
pintuco__fds-8-pintutrafico-alquidico-amarillo-659-10012970-10015685-col-version-2__sec07__chunk02,pintuco__fds-8-pintutrafico-alquidico-amarillo-659-10012970-10015685-col-version-2,Pintuco,PINTUTRAFICO ALQUIDICO AMARILLO 659,FDS 8 - PINTUTRAFICO ALQUIDICO AMARILLO 659 _ 10012970-10015685 _COL (Versión 2).pdf,7,3,4,2,3,755,"image,ocr,table,text",2,2,5978
pintuco__fds-8-pintutrafico-alquidico-amarillo-659-10012970-10015685-col-version-2__sec07__chunk03,pintuco__fds-8-pintutrafico-alquidico-amarillo-659-10012970-10015685-col-version-2,Pintuco,PINTUTRAFICO ALQUIDICO AMARILLO 659,FDS 8 - PINTUTRAFICO ALQUIDICO AMARILLO 659 _ 10012970-10015685 _COL (Versión 2).pdf,7,3,4,3,3,327,"image,ocr,table,text",2,2,3758
pintuco__fds-8-pintutrafico-alquidico-amarillo-659-10012970-10015685-col-version-2__sec08__chunk01,pintuco__fds-8-pintutrafico-alquidico-amarillo-659-10012970-10015685-col-version-2,Pintuco,PINTUTRAFICO ALQUIDICO AMARILLO 659,FDS 8 - PINTUTRAFICO ALQUIDICO AMARILLO 659 _ 10012970-10015685 _COL (Versión 2).pdf,8,4,5,1,4,601,"image,ocr,table,text",10,9,4327
pintuco__fds-8-pintutrafico-alquidico-amarillo-659-10012970-10015685-col-version-2__sec08__chunk02,pintuco__fds-8-pintutrafico-alquidico-amarillo-659-10012970-10015685-col-version-2,Pintuco,PINTUTRAFICO ALQUIDICO AMARILLO 659,FDS 8 - PINTUTRAFICO ALQUIDICO AMARILLO 659 _ 10012970-10015685 _COL (Versión 2).pdf,8,4,5,2,4,831,"image,ocr,table,text",10,9,7521
pintuco__fds-8-pintutrafico-alquidico-amarillo-659-10012970-10015685-col-version-2__sec08__chunk03,pintuco__fds-8-pintutrafico-alquidico-amarillo-659-10012970-10015685-col-version-2,Pintuco,PINTUTRAFICO ALQUIDICO AMARILLO 659,FDS 8 - PINTUTRAFICO ALQUIDICO AMARILLO 659 _ 10012970-10015685 _COL (Versión 2).pdf,8,4,5,3,4,843,"image,ocr,table,text",10,9,10604
pintuco__fds-8-pintutrafico-alquidico-amarillo-659-10012970-10015685-col-version-2__sec08__chunk04,pintuco__fds-8-pintutrafico-alquidico-amarillo-659-10012970-10015685-col-version-2,Pintuco,PINTUTRAFICO ALQUIDICO AMARILLO 659,FDS 8 - PINTUTRAFICO ALQUIDICO AMARILLO 659 _ 10012970-10015685 _COL (Versión 2).pdf,8,4,5,4,4,257,"image,ocr,table,text",10,9,4544
pintuco__fds-8-pintutrafico-alquidico-amarillo-659-10012970-10015685-col-version-2__sec09__chunk01,pintuco__fds-8-pintutrafico-alquidico-amarillo-659-10012970-10015685-col-version-2,Pintuco,PINTUTRAFICO ALQUIDICO AMARILLO 659,FDS 8 - PINTUTRAFICO ALQUIDICO AMARILLO 659 _ 10012970-10015685 _COL (Versión 2).pdf,9,5,6,1,2,703,"image,ocr,table,text",2,2,5917
pintuco__fds-8-pintutrafico-alquidico-amarillo-659-10012970-10015685-col-version-2__sec09__chunk02,pintuco__fds-8-pintutrafico-alquidico-amarillo-659-10012970-10015685-col-version-2,Pintuco,PINTUTRAFICO ALQUIDICO AMARILLO 659,FDS 8 - PINTUTRAFICO ALQUIDICO AMARILLO 659 _ 10012970-10015685 _COL (Versión 2).pdf,9,5,6,2,2,412,"image,ocr,table,text",2,2,4874
pintuco__fds-8-pintutrafico-alquidico-amarillo-659-10012970-10015685-col-version-2__sec10__chunk01,pintuco__fds-8-pintutrafico-alquidico-amarillo-659-10012970-10015685-col-version-2,Pintuco,PINTUTRAFICO ALQUIDICO AMARILLO 659,FDS 8 - PINTUTRAFICO ALQUIDICO AMARILLO 659 _ 10012970-10015685 _COL (Versión 2).pdf,10,6,6,1,1,546,"table,text",3,0,5641
pintuco__fds-8-pintutrafico-alquidico-amarillo-659-10012970-10015685-col-version-2__sec11__chunk01,pintuco__fds-8-pintutrafico-alquidico-amarillo-659-10012970-10015685-col-version-2,Pintuco,PINTUTRAFICO ALQUIDICO AMARILLO 659,FDS 8 - PINTUTRAFICO ALQUIDICO AMARILLO 659 _ 10012970-10015685 _COL (Versión 2).pdf,11,6,8,1,4,751,"image,ocr,table,text",5,3,5564
pintuco__fds-8-pintutrafico-alquidico-amarillo-659-10012970-10015685-col-version-2__sec11__chunk02,pintuco__fds-8-pintutrafico-alquidico-amarillo-659-10012970-10015685-col-version-2,Pintuco,PINTUTRAFICO ALQUIDICO AMARILLO 659,FDS 8 - PINTUTRAFICO ALQUIDICO AMARILLO 659 _ 10012970-10015685 _COL (Versión 2).pdf,11,6,8,2,4,850,"image,ocr,table,text",5,3,6972
pintuco__fds-8-pintutrafico-alquidico-amarillo-659-10012970-10015685-col-version-2__sec11__chunk03,pintuco__fds-8-pintutrafico-alquidico-amarillo-659-10012970-10015685-col-version-2,Pintuco,PINTUTRAFICO ALQUIDICO AMARILLO 659,FDS 8 - PINTUTRAFICO ALQUIDICO AMARILLO 659 _ 10012970-10015685 _COL (Versión 2).pdf,11,6,8,3,4,217,"image,ocr,table,text",5,3,2054
pintuco__fds-8-pintutrafico-alquidico-amarillo-659-10012970-10015685-col-version-2__sec11__chunk04,pintuco__fds-8-pintutrafico-alquidico-amarillo-659-10012970-10015685-col-version-2,Pintuco,PINTUTRAFICO ALQUIDICO AMARILLO 659,FDS 8 - PINTUTRAFICO ALQUIDICO AMARILLO 659 _ 10012970-10015685 _COL (Versión 2).pdf,11,6,8,4,4,236,"image,ocr,table,text",5,3,3585
pintuco__fds-8-pintutrafico-alquidico-amarillo-659-10012970-10015685-col-version-2__sec12__chunk01,pintuco__fds-8-pintutrafico-alquidico-amarillo-659-10012970-10015685-col-version-2,Pintuco,PINTUTRAFICO ALQUIDICO AMARILLO 659,FDS 8 - PINTUTRAFICO ALQUIDICO AMARILLO 659 _ 10012970-10015685 _COL (Versión 2).pdf,12,8,8,1,2,836,"image,ocr,table,text",5,1,9687
pintuco__fds-8-pintutrafico-alquidico-amarillo-659-10012970-10015685-col-version-2__sec12__chunk02,pintuco__fds-8-pintutrafico-alquidico-amarillo-659-10012970-10015685-col-version-2,Pintuco,PINTUTRAFICO ALQUIDICO AMARILLO 659,FDS 8 - PINTUTRAFICO ALQUIDICO AMARILLO 659 _ 10012970-10015685 _COL (Versión 2).pdf,12,8,8,2,2,200,"image,ocr,table,text",5,1,2781
pintuco__fds-8-pintutrafico-alquidico-amarillo-659-10012970-10015685-col-version-2__sec13__chunk01,pintuco__fds-8-pintutrafico-alquidico-amarillo-659-10012970-10015685-col-version-2,Pintuco,PINTUTRAFICO ALQUIDICO AMARILLO 659,FDS 8 - PINTUTRAFICO ALQUIDICO AMARILLO 659 _ 10012970-10015685 _COL (Versión 2).pdf,13,8,9,1,1,518,"image,ocr,table,text",3,1,4608
pintuco__fds-8-pintutrafico-alquidico-amarillo-659-10012970-10015685-col-version-2__sec14__chunk01,pintuco__fds-8-pintutrafico-alquidico-amarillo-659-10012970-10015685-col-version-2,Pintuco,PINTUTRAFICO ALQUIDICO AMARILLO 659,FDS 8 - PINTUTRAFICO ALQUIDICO AMARILLO 659 _ 10012970-10015685 _COL (Versión 2).pdf,14,9,10,1,1,808,"image,ocr,table,text",2,5,10273
pintuco__fds-8-pintutrafico-alquidico-amarillo-659-10012970-10015685-col-version-2__sec15__chunk01,pintuco__fds-8-pintutrafico-alquidico-amarillo-659-10012970-10015685-col-version-2,Pintuco,PINTUTRAFICO ALQUIDICO AMARILLO 659,FDS 8 - PINTUTRAFICO ALQUIDICO AMARILLO 659 _ 10012970-10015685 _COL (Versión 2).pdf,15,10,10,1,2,362,"image,ocr,table,text",1,1,2436
pintuco__fds-8-pintutrafico-alquidico-amarillo-659-10012970-10015685-col-version-2__sec15__chunk02,pintuco__fds-8-pintutrafico-alquidico-amarillo-659-10012970-10015685-col-version-2,Pintuco,PINTUTRAFICO ALQUIDICO AMARILLO 659,FDS 8 - PINTUTRAFICO ALQUIDICO AMARILLO 659 _ 10012970-10015685 _COL (Versión 2).pdf,15,10,10,2,2,811,"image,ocr,table,text",1,1,6534
pintuco__fds-8-pintutrafico-alquidico-amarillo-659-10012970-10015685-col-version-2__sec16__chunk01,pintuco__fds-8-pintutrafico-alquidico-amarillo-659-10012970-10015685-col-version-2,Pintuco,PINTUTRAFICO ALQUIDICO AMARILLO 659,FDS 8 - PINTUTRAFICO ALQUIDICO AMARILLO 659 _ 10012970-10015685 _COL (Versión 2).pdf,16,10,11,1,3,580,"image,ocr,table,text",4,2,3878
pintuco__fds-8-pintutrafico-alquidico-amarillo-659-10012970-10015685-col-version-2__sec16__chunk02,pintuco__fds-8-pintutrafico-alquidico-amarillo-659-10012970-10015685-col-version-2,Pintuco,PINTUTRAFICO ALQUIDICO AMARILLO 659,FDS 8 - PINTUTRAFICO ALQUIDICO AMARILLO 659 _ 10012970-10015685 _COL (Versión 2).pdf,16,10,11,2,3,842,"image,ocr,table,text",4,2,7101
pintuco__fds-8-pintutrafico-alquidico-amarillo-659-10012970-10015685-col-version-2__sec16__chunk03,pintuco__fds-8-pintutrafico-alquidico-amarillo-659-10012970-10015685-col-version-2,Pintuco,PINTUTRAFICO ALQUIDICO AMARILLO 659,FDS 8 - PINTUTRAFICO ALQUIDICO AMARILLO 659 _ 10012970-10015685 _COL (Versión 2).pdf,16,10,11,3,3,365,"image,ocr,table,text",4,2,3943
